nama_tempat,kategori,lat,lon,osm_type,osm_subtype
ATM BNI Kebun Sayur,ATM,-1.2368584499999988,116.82707054999999,amenity,atm
ATM BRI Pelabuhan Semayang Balikpapan,ATM,-1.2720159,116.8067458,amenity,atm
ATM Center Gedung Biru,ATM,-1.2182554,116.8498862,amenity,atm
ATM Center Pulau Indah,ATM,-1.2243544,116.8446316,amenity,atm
ATM Center SPBU Karang Anyar Balikpapan,ATM,-1.241685,116.8287548,amenity,atm
ATM Mandiri,ATM,-1.2273105,116.8405172,amenity,atm
Harbour Atm Center,ATM,-1.2720294,116.8067411,amenity,atm
Apotek Kimia Farma,Apotek,-1.237163,116.8564856,amenity,pharmacy
Apotek Kimia Farma Batakan,Apotek,-1.2568952500000001,116.92303435000001,amenity,pharmacy
Apotek Kimia Farma Sumber Rejo,Apotek,-1.24140875,116.84670679999999,amenity,pharmacy
Apotek Mulia Jaya,Apotek,-1.2755749,116.8641388,amenity,pharmacy
Apotik Anda,Apotek,-1.2773223,116.8362188,amenity,pharmacy
Apotik Kimia Farma Kilo,Apotek,-1.2129815340499905,116.85831575069113,amenity,pharmacy
Century Healthcare,Apotek,-1.2774129,116.8383363,amenity,pharmacy
Guardian,Apotek,-1.2776448,116.8383336,amenity,pharmacy
Kimia Farma,Apotek,-1.2733584,116.846164,amenity,pharmacy
Gedung Pertemuan Polda Kaltim,Balai Kota,-1.2780180315445626,116.8263036095939,amenity,townhall
ATM BCA Prapatan,Bank,-1.2740409,116.8212931,amenity,bank
ATM Center Yova Supermarket,Bank,-1.2637311546457084,116.84653804870052,amenity,bank
Aia Finance Gunungsari Ilir,Bank,-1.269126817387052,116.83771725217832,amenity,bank
BNI,Bank,-1.2712553,116.8539824,amenity,bank
BNI Bsnk,Bank,-1.2773251,116.8298471,amenity,bank
BRI,Bank,-1.232068,116.8137793,amenity,bank
BTN,Bank,-1.275986928436767,116.84163486194545,amenity,bank
Bank BJB,Bank,-1.2730054292420896,116.8508939478044,amenity,bank
Bank BNI Kariangau,Bank,-1.2128461,116.8589467,amenity,bank
Bank BNI Pandansari Balikpapan,Bank,-1.2365089,116.82686815,amenity,bank
Bank BRI,Bank,-1.2766901271916775,116.83036412968278,amenity,bank
Bank BRI Unit Gunung Sari Ilir,Bank,-1.2503317013735924,116.8362411324211,amenity,bank
Bank Bukopin,Bank,-1.2721131,116.8531031,amenity,bank
Bank CIMB Niaga MT Haryono,Bank,-1.2597133,116.8653539,amenity,bank
Bank Central Asia,Bank,-1.2678862,116.8575492,amenity,bank
Bank Danamon,Bank,-1.2754697242652198,116.84455809144126,amenity,bank
Bank Danamon KCP Gunung Sari Ilir,Bank,-1.2509696504521408,116.83660518296476,amenity,bank
Bank Danamon Pandan Sari,Bank,-1.2360524,116.8242106,amenity,bank
Bank Indonesia,Bank,-1.2790127092247359,116.82338112804459,amenity,bank
Bank Jtrust Jenderal Sudirman,Bank,-1.271958647100694,116.85220430455205,amenity,bank
Bank Kaltim Balikpapan,Bank,-1.2592903833247662,116.83993926609493,amenity,bank
Bank Kaltim Syariah Kcps Gunung Sari,Bank,-1.2688645753520464,116.83763074892366,amenity,bank
Bank Mandiri,Bank,-1.2771929,116.8383028,amenity,bank
Bank Mandiri Kcp Karang Jati,Bank,-1.2484080684296082,116.83531856053358,amenity,bank
Bank Mayapada Jend. Sudirman,Bank,-1.2767953,116.8378567,amenity,bank
Bank Maybank Balikpapan,Bank,-1.2750002499999993,116.83795015,amenity,bank
Bank Mega,Bank,-1.2710130354701659,116.85446465401805,amenity,bank
Bank Muamalat,Bank,-1.2773411,116.8294877,amenity,bank
Bank Muamalat Kcp Soekarno Hatta,Bank,-1.230300000000001,116.84001375000001,amenity,bank
Bank Muamalat Pandansari,Bank,-1.2370015,116.825359,amenity,bank
Bank Permata,Bank,-1.2409502919870237,116.87331909298253,amenity,bank
Bank Ronabasa,Bank,-1.254951658738443,116.84203942477785,amenity,bank
Bank Sinar Mas,Bank,-1.2758830209234024,116.84558705421958,amenity,bank
Bank Syariah Indonesia,Bank,-1.2772688,116.8362309,amenity,bank
Bank UOB Balikpapan,Bank,-1.266622650443484,116.85824365867188,amenity,bank
Bankaltimtara Syariah KM.5,Bank,-1.2127731,116.8609056,amenity,bank
CIMB Niaga,Bank,-1.2719788,116.8378417,amenity,bank
Gerai ATM Balikpapan Regency,Bank,-1.2297024558983722,116.89119192956899,amenity,bank
Kios Fif Batu Ampar,Bank,-1.2167784,116.8539207,amenity,bank
Maybank,Bank,-1.2705033999999997,116.85535134999999,amenity,bank
Nobu National Bank Cabang Balikpapan,Bank,-1.2490726500000005,116.8361463,amenity,bank
OCBC,Bank,-1.254470402129907,116.86932308151025,amenity,bank
OCBC Nisp,Bank,-1.2781847,116.824596,amenity,bank
PT Mandiri Utama Finance,Bank,-1.2417229,116.8725061,amenity,bank
Panin Bank,Bank,-1.2690608526617482,116.83770191122842,amenity,bank
APAM AMBON 1,Fast Food,-1.2412791,116.8836257,amenity,fast_food
APAM AMBON 2,Fast Food,-1.2546715,116.9048084,amenity,fast_food
Bakpao chikyen,Fast Food,-1.2381559,116.8401303,amenity,fast_food
Burger King,Fast Food,-1.2536949499999999,116.86933045000002,amenity,fast_food
Doel's Chicken - Gunung Samarinda,Fast Food,-1.2350754,116.8401258,amenity,fast_food
J.Co,Fast Food,-1.2471053,116.8714596,amenity,fast_food
KBTR,Fast Food,-1.2173218,116.8529541,amenity,fast_food
KFC,Fast Food,-1.2184875,116.8497914,amenity,fast_food
KFC - Central Balikpapan,Fast Food,-1.23759325,116.8273007,amenity,fast_food
McDonald's,Fast Food,-1.27745377562206,116.83862279189493,amenity,fast_food
Nasgor Tegal,Fast Food,-1.2670944,116.8577356,amenity,fast_food
ONTHEWAYFOOD KILO 10,Fast Food,-1.1884918,116.8919797,amenity,fast_food
Popeyes,Fast Food,-1.2308072,116.87800315,amenity,fast_food
Richeese Factory,Fast Food,-1.2760973,116.8421253,amenity,fast_food
Al-Cholil Home Stay Balikpapan,Guest House,-1.2722642405230953,116.84711677953159,tourism,guest_house
Anggrek Guest House,Guest House,-1.2622065553955883,116.85547448466606,tourism,guest_house
Bilqis Hostel,Guest House,-1.2594824,116.9123034,tourism,guest_house
Comfort House,Guest House,-1.2489895500000001,116.87258195000001,tourism,guest_house
Elok Guest House,Guest House,-1.2167927947348403,116.85018174140625,tourism,guest_house
Emweka Pavillion,Guest House,-1.2382328117383594,116.89208948286111,tourism,guest_house
Ferris House,Guest House,-1.25067755,116.86953725,tourism,guest_house
Garuda Guest House,Guest House,-1.26044805,116.86770310000001,tourism,guest_house
Grand Mulia Guest House Balikpapan,Guest House,-1.2451078681103451,116.86682241567084,tourism,guest_house
Guest Host Dewi,Guest House,-1.2533432523032668,116.83916138504595,tourism,guest_house
Guest House A2FN,Guest House,-1.2262402189316208,116.8621832705441,tourism,guest_house
Guest House Berkah,Guest House,-1.2429043499999999,116.88864144999998,tourism,guest_house
Guest House Golden Snail,Guest House,-1.250590949999999,116.86998454999998,tourism,guest_house
Guest House HI,Guest House,-1.2508790080252534,116.86767587704145,tourism,guest_house
Guest House Nur aziziah,Guest House,-1.2354765805610814,116.8476980935624,tourism,guest_house
Guest House Sepinggan Baru,Guest House,-1.253248410361807,116.90419297698566,tourism,guest_house
Guest House Wulandari,Guest House,-1.2274559,116.8296219,tourism,guest_house
Ikhwan Guest House,Guest House,-1.246035029511975,116.87207940456608,tourism,guest_house
Im Guest House,Guest House,-1.2509496335507948,116.86808989571554,tourism,guest_house
Kamilah Kost,Guest House,-1.2704132389525313,116.82884437632872,tourism,guest_house
Kost Padaidi 2 Balikpapan,Guest House,-1.2380825758704428,116.89349494874648,tourism,guest_house
OYO 1020 Pelita Guest House,Guest House,-1.2598589,116.8635862,tourism,guest_house
OYO 1034 Pondok Mulia Guest House,Guest House,-1.2443770294887915,116.88322773131694,tourism,guest_house
OYO 1272 Grand Garuda Guest House,Guest House,-1.2595285625907222,116.83514764284803,tourism,guest_house
OYO 1861 Martha Guest House,Guest House,-1.2597604953450345,116.83506191742555,tourism,guest_house
OYO 2886 Her Mandiri Guest House,Guest House,-1.2295694204019225,116.88183616372346,tourism,guest_house
Open House Balikpapan,Guest House,-1.2699069805353322,116.8494188448285,tourism,guest_house
Oval kost / Guesthouse,Guest House,-1.2694849499999998,116.83837940000001,tourism,guest_house
Penginapan Rahayu,Guest House,-1.2573288,116.9023345,tourism,guest_house
Pondok Homy,Guest House,-1.25945563273693,116.90779023164666,tourism,guest_house
Red Doorz Maryam Guest House,Guest House,-1.27774505,116.83623914999998,tourism,guest_house
Riviera Residence 1,Guest House,-1.2583988,116.84349855,tourism,guest_house
SLB Manggar Base,Guest House,-1.2309008,116.95688,tourism,guest_house
SPOT ON 2729 Marzan Syariah Guest House,Guest House,-1.2311636000000001,116.87615885000001,tourism,guest_house
Sentosa76,Guest House,-1.2718795,116.8274921,tourism,guest_house
Sweet Guest House,Guest House,-1.2646722635050704,116.8506902598915,tourism,guest_house
The Green Guesthouse Kost Rengganis,Guest House,-1.24548155,116.88283815000001,tourism,guest_house
Wisma Arin,Guest House,-1.2312273434260386,116.87535528431535,tourism,guest_house
Adika Hotel Bahtera,Hotel,-1.2765031287297879,116.83863846032588,tourism,hotel
Airy Eco Bandara Sepinggan Baru,Hotel,-1.2594283,116.9064081,tourism,hotel
Astara Hotel Balikpapan,Hotel,-1.2747308,116.8567415,tourism,hotel
Athar 88 Hotel,Hotel,-1.2596628066169573,116.8713802204199,tourism,hotel
Bintang Hotel,Hotel,-1.278989808305317,116.82484772355427,tourism,hotel
Blue Sky Hotel,Hotel,-1.2379804535777847,116.82731636252053,tourism,hotel
Capital O 2885 Hemra Hotel,Hotel,-1.2613706107084164,116.86199967738338,tourism,hotel
D'prima Hotel Damai,Hotel,-1.2660507566932335,116.85729988552463,tourism,hotel
Four Points by Sheraton Balikpapan,Hotel,-1.2568159,116.9000823,tourism,hotel
Golden Tulip Balikpapan Hotel & Suites,Hotel,-1.2767428,116.8450074,tourism,hotel
Grand Jatra Hotel Balikpapan,Hotel,-1.2729597,116.8595997,tourism,hotel
Guest House H2O,Hotel,-1.26488145,116.83757175000001,tourism,hotel
Haai,Hotel,-1.2607443,116.8844681,tourism,hotel
Her Hotel & Trade Center,Hotel,-1.228262153199014,116.87097799865218,tourism,hotel
Horison Ultima Bandara Balikpapan,Hotel,-1.2598588,116.9020904,tourism,hotel
Hotel Aida,Hotel,-1.25362979772972,116.83786410459363,tourism,hotel
Hotel Aiqo,Hotel,-1.2739670734485238,116.83747167756579,tourism,hotel
Hotel Asria Balikpapan,Hotel,-1.2156049287878044,116.85930991199328,tourism,hotel
Hotel Bandara Internasional,Hotel,-1.265980947315912,116.88360688742243,tourism,hotel
Hotel Benakutai,Hotel,-1.2750628198461071,116.83882708710296,tourism,hotel
Hotel Buana Lestari,Hotel,-1.2769183999999987,116.8411084,tourism,hotel
Hotel Budiman,Hotel,-1.2743939403022835,116.83861213913522,tourism,hotel
Hotel Citra Nusantara,Hotel,-1.2759916499999997,116.83754035,tourism,hotel
Hotel City,Hotel,-1.276823099999999,116.83160585,tourism,hotel
Hotel Djang Djaya 2,Hotel,-1.234592819997182,116.88875094275133,tourism,hotel
Hotel Djang Jaya,Hotel,-1.2424462866248582,116.88023874532439,tourism,hotel
Hotel Golden Son,Hotel,-1.242307475819709,116.87951346195138,tourism,hotel
Hotel Grand Senyiur,Hotel,-1.2729330451843948,116.83328665368968,tourism,hotel
Hotel Grand Tiga Mustika,Hotel,-1.2733194031295918,116.83208232584202,tourism,hotel
Hotel Grand Tjokro Balikpapan,Hotel,-1.26244275,116.8935947,tourism,hotel
Hotel Jakarta,Hotel,-1.2176508500000003,116.84983170000001,tourism,hotel
Hotel La Grandeur,Hotel,-1.2740215658327605,116.85233920099664,tourism,hotel
Hotel Lira Aulia,Hotel,-1.2507016307017738,116.83646580869237,tourism,hotel
Hotel Mahakam,Hotel,-1.2419982018076892,116.83668322142476,tourism,hotel
Hotel Malindo,Hotel,-1.2517336000000001,116.85172134999999,tourism,hotel
Hotel Mega Lestari,Hotel,-1.2758047755650255,116.83370392046014,tourism,hotel
Hotel Mirama,Hotel,-1.2744962716956068,116.83751399120115,tourism,hotel
Hotel Mitra Amanah,Hotel,-1.275587,116.8335529,tourism,hotel
Hotel Murni,Hotel,-1.2544572984095361,116.83856553951956,tourism,hotel
Hotel Mutiara Indah Balikpapan,Hotel,-1.2658991833175488,116.84726328315661,tourism,hotel
Hotel Neo+ Balikpapan,Hotel,-1.2626717548139441,116.84042447391775,tourism,hotel
Hotel Novotel Balikpapan,Hotel,-1.2753499845345084,116.83468788239132,tourism,hotel
Hotel Pasific,Hotel,-1.2712616200365183,116.83845428851788,tourism,hotel
Hotel Paviliun,Hotel,-1.2340732499999982,116.82509945000001,tourism,hotel
Hotel Sejati Balikpapan,Hotel,-1.2482539,116.8704643,tourism,hotel
Hotel Sepinggan,Hotel,-1.2574604460884622,116.90153281797052,tourism,hotel
Hotel Simpatik,Hotel,-1.2756425872287962,116.86370466942559,tourism,hotel
Hotel Sinar Jaya,Hotel,-1.2336514380653711,116.8235854314238,tourism,hotel
Hotel Sinar Lumayan,Hotel,-1.2540152440168049,116.8380453880463,tourism,hotel
Hotel Sinderella Balikpapan,Hotel,-1.2724136933995729,116.84531208079893,tourism,hotel
Hotel Wisma Intan,Hotel,-1.2326107,116.8141348,tourism,hotel
Hotel Yayang Sepinggan,Hotel,-1.2595945968689921,116.9086342749564,tourism,hotel
Ibis,Hotel,-1.2749854000000003,116.83476635000002,tourism,hotel
J Icon Hip Hotel,Hotel,-1.2730486,116.8598625,tourism,hotel
Malibu Suites by Sissae Living,Hotel,-1.2766608,116.8451736,tourism,hotel
Markoni 18A Airy Rooms,Hotel,-1.2729746972065965,116.8484853808476,tourism,hotel
MaxOne Hotel,Hotel,-1.26228940633185,116.8595622832901,tourism,hotel
Midtown Xpress Balikpapan,Hotel,-1.2699517,116.8580196,tourism,hotel
Pantai Mentari Compound,Hotel,-1.2467236499999994,116.93839210000002,tourism,hotel
Penginapan Bobby Balikpapan,Hotel,-1.25854245,116.9071271,tourism,hotel
Pondok Amanah,Hotel,-1.2574151077483915,116.90311030493801,tourism,hotel
Pondok Garuda 62,Hotel,-1.2742071,116.83385295000001,tourism,hotel
Pondokan Nadita,Hotel,-1.2632770012490482,116.88654088412649,tourism,hotel
Quest Hotel Balikpapan,Hotel,-1.2747151,116.857727,tourism,hotel
Red Doorz Balikpapan,Hotel,-1.2598217,116.86358265,tourism,hotel
RedDoorz Plus Near Siloam Hospital Balikpapan Gunungbahagia,Hotel,-1.248748353338423,116.87131336800961,tourism,hotel
Royal Suite Hotel,Hotel,-1.2546413724879273,116.90000230054522,tourism,hotel
Rumah Kost Karmina,Hotel,-1.260010963140717,116.86832537482702,tourism,hotel
Swiss Belinn Hotel,Hotel,-1.2710954,116.8527377,tourism,hotel
Swiss-Bell Hotel,Hotel,-1.2785423342844768,116.84096408163302,tourism,hotel
The Lux Boutique Guest House,Hotel,-1.2649712502456802,116.83751668345762,tourism,hotel
The Point Hotel Balikpapan,Hotel,-1.2665264,116.8577693,tourism,hotel
Whiz Prime Hotel Balikpapan,Hotel,-1.272188329518458,116.85163683486405,tourism,hotel
Wisma Cahaya Abadi,Hotel,-1.2593763692783617,116.90644546229349,tourism,hotel
Zurich Hotel,Hotel,-1.2696126920171218,116.85877769963814,tourism,hotel
Angkringan Pemuda KNPI Balikpapan,Kafe,-1.2418819507206547,116.89101970439414,amenity,cafe
Angkringan Pojok 35,Kafe,-1.2755915,116.8180162,amenity,cafe
Babeh Resto,Kafe,-1.2486836832267085,116.83597833851587,amenity,cafe
Balgas Cafe - Damai,Kafe,-1.2452571,116.8597143,amenity,cafe
Borneo Country Bar,Kafe,-1.2698003,116.8448768,amenity,cafe
C2,Kafe,-1.2762229,116.8426071,amenity,cafe
CAFE,Kafe,-1.2690991999999999,116.8631181,amenity,cafe
CAFE LAPAR TERUS,Kafe,-1.2357039,116.8301149,amenity,cafe
CPM Coffee Shop Balikpapan Baru - Damai,Kafe,-1.244916,116.8603869,amenity,cafe
Cafe 3tiga,Kafe,-1.2710686,116.8356107,amenity,cafe
Cafe Halaman,Kafe,-1.2228629,116.8458489,amenity,cafe
Cafeteria,Kafe,-1.2707435574076937,116.83255593551876,amenity,cafe
De Cafe Resto & Delicatessen,Kafe,-1.2773542,116.8337884,amenity,cafe
Dialog Cafe - Balikpapan Baru,Kafe,-1.2460153,116.8594667,amenity,cafe
Dialog Cafe - Balikpapan Permai,Kafe,-1.272825083519641,116.8522592927823,amenity,cafe
Excelso - Living Plaza,Kafe,-1.2420011,116.8730133,amenity,cafe
Excelso Cafe Mall Fantasy,Kafe,-1.2437437,116.8607824,amenity,cafe
Hobbies Coffee & Lounge,Kafe,-1.2473523999999983,116.85104375000002,amenity,cafe
Kedai Kopi Hitam Manis,Kafe,-1.2487791156355406,116.84499149625674,amenity,cafe
Kopi Kenangan,Kafe,-1.2511856,116.8696109,amenity,cafe
Kopi Lawe - Damai Baru,Kafe,-1.245269,116.860645,amenity,cafe
Kopi Ruang Hati - Gunung Bahagia,Kafe,-1.2424077359376573,116.88440017521589,amenity,cafe
Kopi Rumah Mantan,Kafe,-1.2231638,116.8464145,amenity,cafe
Minibar Cafe,Kafe,-1.2744833,116.8202465,amenity,cafe
Nam Min Kampung Timur,Kafe,-1.2343836426416828,116.86034272706982,amenity,cafe
Point Coffee,Kafe,-1.27342,116.8506703,amenity,cafe
Pondok Palmer,Kafe,-1.253032548278027,116.9042511889726,amenity,cafe
Roti Tiam Bakery & Cafe,Kafe,-1.2507541999999998,116.87006486666665,amenity,cafe
Satu Per Dua - Damai,Kafe,-1.2714969000000005,116.86107580000001,amenity,cafe
Sebar Kopi,Kafe,-1.2190969,116.8444061,amenity,cafe
Seruni - Klandasan Ulu,Kafe,-1.2770560999999996,116.82540744999999,amenity,cafe
Shelly Cake& Bakery,Kafe,-1.233711,116.8349857,amenity,cafe
Starbucks - Penta city,Kafe,-1.2739268,116.857374,amenity,cafe
Toko 86,Kafe,-1.26558865,116.85162725000002,amenity,cafe
Waroeng Astoria,Kafe,-1.2725784000000002,116.85309614999998,amenity,cafe
BMKG Balikpapan,Kantor Pemerintah,-1.2598041418581298,116.89784406042016,office,government
BPJS Kesehatan,Kantor Pemerintah,-1.2757581999999998,116.842028,office,government
Badan Amil Zakat Nasional Balikpapan,Kantor Pemerintah,-1.2764278690229933,116.83322296317824,office,government
Badan Pemberdayaan Masyarakat Pemberdayaan Perempuan Dan Keluarga Berencana Kota Balikpapan,Kantor Pemerintah,-1.2341998,116.8253808,office,government
Badan Pusat Statistik Kota Balikpapan,Kantor Pemerintah,-1.2777045418908626,116.82773670839991,office,government
Balai Desa Gunung 1,Kantor Pemerintah,-1.2323882499999985,116.82521915,office,government
Balai Karantina Pertanian Kelas 1 Balikpapan,Kantor Pemerintah,-1.2112453812442547,116.8395209656477,office,government
Balai Kota Balikpapan,Kantor Pemerintah,-1.2766291428464724,116.82772221282147,office,government
Balai Monitor Spektrum Frekuensi Radio Kelas 1 Balikpapan,Kantor Pemerintah,-1.2401926156963392,116.89133397831367,office,government
Basarnas Balikpapan,Kantor Pemerintah,-1.2595301499999996,116.8980318,office,government
DPMPT,Kantor Pemerintah,-1.2429310301099712,116.89443899053839,office,government
Dewan Perwakilan Daerah Pepabri Balikpapan,Kantor Pemerintah,-1.2755454999999998,116.8369848,office,government
Dewan Perwakilan Rakyat Daerah Kota Balikpapan,Kantor Pemerintah,-1.2776331278964095,116.82796618999825,office,government
Dinas Kesehatan Kota Balikpapan,Kantor Pemerintah,-1.2762901499999992,116.84395925000001,office,government
Dinas Lingkungan Hidup,Kantor Pemerintah,-1.242813592128708,116.89388654245498,office,government
Dinas Pangan Pertanian dan Perikanan,Kantor Pemerintah,-1.2682453382603776,116.87664408798835,office,government
Dinas Pasar,Kantor Pemerintah,-1.2681595547424804,116.8346621614042,office,government
"Dinas Pendapatan Daerah, Dinas Tenaga Kerja dan Sosial dan Badan Kepegawaian Daerah",Kantor Pemerintah,-1.2775474000000002,116.8256488,office,government
Dinas Pendidikan Bidang Pendidikan Luar Sekolah,Kantor Pemerintah,-1.2675037999999998,116.83340245000002,office,government
Dinas Pendidikan Kota Balikpapan,Kantor Pemerintah,-1.2430712231895167,116.89582581129392,office,government
Dinas Perhubungan,Kantor Pemerintah,-1.2430464467368993,116.89503181130101,office,government
"Dinas Perindustrian, Perdagangan, dan Koperasi Kota Balikpapan",Kantor Pemerintah,-1.2432798911405192,116.89629660129322,office,government
Disdukcapil,Kantor Pemerintah,-1.2582126866000405,116.86823836812438,office,government
Gedung PLN Rayon Balikpapan,Kantor Pemerintah,-1.2445909946276061,116.87293059629181,office,government
Gedung Telkom,Kantor Pemerintah,-1.2563964940187444,116.86744120989358,office,government
Imigrasi Kelas I Balikpapan,Kantor Pemerintah,-1.2775600757029117,116.8251708462612,office,government
Inspektorat Balikpapan,Kantor Pemerintah,-1.2436094340377841,116.89666864842665,office,government
Kantor,Kantor Pemerintah,-1.1534033018639902,116.98336125324,office,government
Kantor BPJS Kesehatan Divisi Regional VIII,Kantor Pemerintah,-1.2419774000000003,116.89373800000001,office,government
Kantor Bulog Regional Balikpapan,Kantor Pemerintah,-1.271692730327759,116.85229302781087,office,government
Kantor Kecamatan Balikpapan Barat,Kantor Pemerintah,-1.2342997051221718,116.82037777371883,office,government
Kantor Kecamatan Balikpapan Kota,Kantor Pemerintah,-1.268139600000001,116.83327460000001,office,government
Kantor Kecamatan Balikpapan Selatan,Kantor Pemerintah,-1.243472350000001,116.89784035000001,office,government
Kantor Kecamatan Balikpapan Tengah,Kantor Pemerintah,-1.264301131413483,116.83498973696129,office,government
Kantor Kecamatan Balikpapan Utara,Kantor Pemerintah,-1.2051583332409939,116.86200469974418,office,government
Kantor Kelurahan Baru Ilir,Kantor Pemerintah,-1.2343422239046806,116.82085898626113,office,government
Kantor Kelurahan Baru Ulu,Kantor Pemerintah,-1.2243684534332966,116.81610241834373,office,government
Kantor Kelurahan Batu Ampar,Kantor Pemerintah,-1.2197444,116.8408761,office,government
Kantor Kelurahan Damai Bahagia,Kantor Pemerintah,-1.2676091779863892,116.8784768421545,office,government
Kantor Kelurahan Graha Indah,Kantor Pemerintah,-1.1951412319400851,116.84806164819362,office,government
Kantor Kelurahan Gunung Samarinda,Kantor Pemerintah,-1.2341483499999994,116.85228925000003,office,government
Kantor Kelurahan Gunung Samarinda Baru,Kantor Pemerintah,-1.2340891999999999,116.86021579999999,office,government
Kantor Kelurahan Gunung Sari Ulu,Kantor Pemerintah,-1.2569064,116.84655655,office,government
Kantor Kelurahan Karang Jati,Kantor Pemerintah,-1.247063300000001,116.834547,office,government
Kantor Kelurahan Karang Rejo,Kantor Pemerintah,-1.24392515,116.84275904999998,office,government
Kantor Kelurahan Kariangau,Kantor Pemerintah,-1.2098311398037915,116.81384411774114,office,government
Kantor Kelurahan Manggar Baru,Kantor Pemerintah,-1.222680446167803,116.96971576524776,office,government
Kantor Kelurahan Margasari,Kantor Pemerintah,-1.2352732499999999,116.8228637,office,government
Kantor Kelurahan Margo Mulyo,Kantor Pemerintah,-1.2198677686807906,116.82487026294152,office,government
Kantor Kelurahan Muara Rapak,Kantor Pemerintah,-1.23240255,116.8401691,office,government
Kantor Kelurahan Prapatan,Kantor Pemerintah,-1.2743671700240755,116.8193778106342,office,government
Kantor Kelurahan Sepinggan,Kantor Pemerintah,-1.2483468228838484,116.90519916818967,office,government
Kantor Kelurahan Sumber Rejo,Kantor Pemerintah,-1.244709298035982,116.84855643436615,office,government
Kantor Kelurahan Sungai Nangka,Kantor Pemerintah,-1.2634854499999988,116.8864566,office,government
Kantor Kelurahan Telaga Sari,Kantor Pemerintah,-1.2678560825717535,116.83428262021643,office,government
Kantor Pelayanan Pajak Pratama Balikpapan Barat,Kantor Pemerintah,-1.2743792731782748,116.87377230683057,office,government
Kantor Pelayanan Pajak Pratama Penajam,Kantor Pemerintah,-1.2629248400809117,116.83880483704387,office,government
Kantor Pertanahan Balikpapan,Kantor Pemerintah,-1.2417924575490875,116.89144070090457,office,government
Kantor Samsat Induk Markoni Balikpapan,Kantor Pemerintah,-1.2745007499999998,116.84759795,office,government
Kantor Urusan Agama Balikpapan Barat,Kantor Pemerintah,-1.2336759,116.822006,office,government
Kanwil DJP Kalimantan Timur dan KPP Pratama Balikpapan,Kantor Pemerintah,-1.2410566225380475,116.87679340480909,office,government
Kanwil Dirjen Bea dan Cukai Kaltim,Kantor Pemerintah,-1.2747041632564111,116.85008463052664,office,government
Karantina Pertanian Balikpapan,Kantor Pemerintah,-1.2580468165031415,116.90037921793585,office,government
Kesyahbandaran dan Otoritas Pelabuhan kelas 1 Balikpapan,Kantor Pemerintah,-1.271107,116.80867630000002,office,government
Komisi Pemilihan Umum (KPU) Kota Balikpapan,Kantor Pemerintah,-1.2768218,116.80982569999999,office,government
PDAM Balikpapan,Kantor Pemerintah,-1.2443046,116.8975603,office,government
PLN Rayon Balikpapan Utara,Kantor Pemerintah,-1.2083195773419326,116.86733383241642,office,government
PT. PELNI Cabang Balikpapan,Kantor Pemerintah,-1.2713127417767283,116.80824017938711,office,government
PT. Pelabuhan Indonesia IV Persero Cabang Balikpapan,Kantor Pemerintah,-1.2714628832697055,116.8077617011664,office,government
PT. Pelabuhan Indonesia IV Persero Divisi Pelayanan Kapal,Kantor Pemerintah,-1.2759426442573243,116.80805431344729,office,government
Palang Merah Indonesia,Kantor Pemerintah,-1.2778217322878367,116.82707443197653,office,government
Panwaslu Kota Balikpapan,Kantor Pemerintah,-1.2777121462979872,116.82761198033532,office,government
Pengadilan Agama Kelas IA Balikpapan,Kantor Pemerintah,-1.248825092125633,116.89048727497095,office,government
Pengadilan Negeri Klas 1A Balikpapan,Kantor Pemerintah,-1.2757793602704368,116.8653520778312,office,government
Pengawasan dan Pelayanan Bea Cukai Tipe Madya Pabean B Balikpapan,Kantor Pemerintah,-1.2712353261360758,116.80842178486104,office,government
Port Health Office (KKP) Kls II Balikpapan,Kantor Pemerintah,-1.2576430270438204,116.90057899776315,office,government
Pos BPBD Wilayah Utara Kota Balikpapan,Kantor Pemerintah,-1.236932650954506,116.84017025689917,office,government
Rumah Jabatan Walikota Balikpapan,Kantor Pemerintah,-1.2537322380164961,116.89899754751119,office,government
Sekwilda Subbagian Pembendaharaan Wilayah Selatan Balikpapan,Kantor Pemerintah,-1.2109001397827035,116.83964041076983,office,government
Stasiun Geofisika Kelas II Balikpapan,Kantor Pemerintah,-1.2598779636852833,116.89686311930352,office,government
UPT BKN Balikpapan,Kantor Pemerintah,-1.2728510000000002,116.87528729999997,office,government
UPTD Jembatan Timbang,Kantor Pemerintah,-1.1339665,116.8821352,office,government
UPTD Meteorologi Kota Balikpapan,Kantor Pemerintah,-1.2627879115227834,116.84302249549842,office,government
DHL,Kantor Pos,-1.2754534499999999,116.86724044999998,amenity,post_office
JNE Cabang Utama Balikpapan,Kantor Pos,-1.2738252854481977,116.86176509572275,amenity,post_office
Kantor Pos AW. Syahrani,Kantor Pos,-1.219283,116.8433186,amenity,post_office
Kantor Pos Sepinggan,Kantor Pos,-1.2592971757688118,116.90772116744898,amenity,post_office
Pos Indonesia,Kantor Pos,-1.2767924251910479,116.82694139193617,amenity,post_office
Apotik Dana Farma,Klinik,-1.2575777000000012,116.83893939999999,amenity,clinic
Griya Bunda Sehat,Klinik,-1.239247596893965,116.93852842698345,amenity,clinic
Gunung Sari,Klinik,-1.2672696999999982,116.83929594999998,amenity,clinic
Instansi Farmasi Kota Balikpapan,Klinik,-1.257545950413106,116.83862061810586,amenity,clinic
Karunia Medical Clinic Balikpapan,Klinik,-1.2416918,116.8671309,amenity,clinic
Klinik Ahli Gigi Cahya,Klinik,-1.2408408710816756,116.82857909174776,amenity,clinic
Klinik Dokter Harry Zulkifli Sugondo,Klinik,-1.2212491980436417,116.81287623439928,amenity,clinic
Klinik Gigi Karya,Klinik,-1.2378938500000003,116.82526895,amenity,clinic
Klinik Grand Medica,Klinik,-1.26797217884831,116.87990226429581,amenity,clinic
Klinik Hesti Wira Sakti,Klinik,-1.2731927771731006,116.82807403889859,amenity,clinic
Klinik Ika Pati,Klinik,-1.2342198233160928,116.81881893379672,amenity,clinic
Klinik Kesehatan Pelabuhan Kelas 2 Balikpapan,Klinik,-1.2205417840912938,116.81785745613347,amenity,clinic
Klinik Kimia Farma,Klinik,-1.2462778942365063,116.8349129755463,amenity,clinic
Kusuma Medical Center,Klinik,-1.2690064744566274,116.84447427365212,amenity,clinic
Laboratorium Klinik Pramita,Klinik,-1.2521013809436816,116.86963130647742,amenity,clinic
Posyandu Gatra Mulya,Klinik,-1.22101,116.8245307,amenity,clinic
Puskesmas Baru Tengah,Klinik,-1.23368255,116.81571305,amenity,clinic
Puskesmas Baru Ulu,Klinik,-1.2254672,116.8167442,amenity,clinic
Puskesmas Damai,Klinik,-1.2630906266220239,116.85953268404661,amenity,clinic
Puskesmas Graha Indah,Klinik,-1.1974528673262126,116.85137708756923,amenity,clinic
Puskesmas Gunung Samarinda,Klinik,-1.2347287472285238,116.84340899245704,amenity,clinic
Puskesmas Gunung Sari,Klinik,-1.267357896850124,116.83826586564324,amenity,clinic
Puskesmas Gunung Sari Ullu,Klinik,-1.2611075366711941,116.84674509178622,amenity,clinic
Puskesmas Manggar,Klinik,-1.2424773147262431,116.94109319441205,amenity,clinic
Puskesmas Mekar Sari,Klinik,-1.2574195000000001,116.83874315,amenity,clinic
Puskesmas Muara Rapak,Klinik,-1.240603363434264,116.83508752903099,amenity,clinic
Puskesmas Perawatan Klandasan Ilir,Klinik,-1.2761648500000002,116.8442565,amenity,clinic
Puskesmas Sidomulyo,Klinik,-1.2298868,116.8237578,amenity,clinic
Puskesmas Sumber Rejo,Klinik,-1.2474392171594524,116.84642646622149,amenity,clinic
SMEC Klinik Spesialis Mata,Klinik,-1.2430831,116.8625464,amenity,clinic
Tirta Medical Center,Klinik,-1.2418337,116.8772093,amenity,clinic
Balikpapan Ocean Square,Mall,-1.2778602813751607,116.841695538232,shop,mall
Giant Ekstra,Mall,-1.2470387467132498,116.87191046975846,shop,mall
Living Plaza,Mall,-1.2418034645641316,116.87333446999241,shop,mall
Pentacity,Mall,-1.2743310197478364,116.85698142348492,shop,mall
Rapak Plaza,Mall,-1.2412139668463447,116.83571696121182,shop,mall
The Plaza Balikpapan,Mall,-1.2780598266519445,116.83898488654401,shop,mall
Transmart,Mall,-1.238831463297422,116.87652295865138,shop,mall
e-Walk,Mall,-1.273380083112243,116.85917268469495,shop,mall
Adi Jaya,Minimarket,-1.2698243,116.8388494,shop,convenience
Akmal,Minimarket,-1.2698457,116.8392142,shop,convenience
Alfamart,Minimarket,-1.231795121052502,116.81360880525506,shop,convenience
Alfamidi,Minimarket,-1.2485624,116.8870324,shop,convenience
Cahaya Baru Sepinggan,Minimarket,-1.2411975,116.9040077,shop,convenience
Cicing,Minimarket,-1.2725166,116.8387421,shop,convenience
Etika Swalayan - Gunung Bahagia,Minimarket,-1.2727845721389917,116.86015228019004,shop,convenience
Fitri,Minimarket,-1.2695347,116.8392249,shop,convenience
H.Hasnah,Minimarket,-1.2412404,116.8933647,shop,convenience
Hani toko,Minimarket,-1.2251513,116.8653033,shop,convenience
Hemart Minimarket,Minimarket,-1.2452099701651105,116.87239831880837,shop,convenience
Indomaret,Minimarket,-1.2163901,116.8409822,shop,convenience
Indomaret Ahmad Yani RT 58,Minimarket,-1.264343258998032,116.83746657399129,shop,convenience
Indomaret Balikpapan Baru 2 BPN,Minimarket,-1.244113,116.8591079,shop,convenience
Indomaret Balikpapan Regency 2,Minimarket,-1.2286534,116.8958373,shop,convenience
Indomaret Centra Eropa,Minimarket,-1.2459277591068556,116.85959756964117,shop,convenience
Indomaret DI Panjaitan,Minimarket,-1.2523477,116.8448314,shop,convenience
Indomaret Graha Indah,Minimarket,-1.2060105,116.8613362,shop,convenience
Indomaret Gunung Pasir,Minimarket,-1.2687397411985841,116.83570270471692,shop,convenience
Indomaret MT Haryono 2 - Batu Ampar,Minimarket,-1.2273079074318267,116.8702181863688,shop,convenience
Indomaret Marsma Iswahyudi,Minimarket,-1.2675283,116.88172,shop,convenience
Indomaret Marsma Iswahyudi BPN,Minimarket,-1.2675339,116.8793744,shop,convenience
Indomaret Mayjend Sutoyo,Minimarket,-1.2666523122469198,116.8466418106129,shop,convenience
Indomaret Mulawarman Manggar Baru,Minimarket,-1.2199537278676056,116.96826079289406,shop,convenience
Indomaret Sepinggan PT H&H Utama International,Minimarket,-1.2540417,116.9281516,shop,convenience
Kios Makanan,Minimarket,-1.1896064486936102,117.00624563221808,shop,convenience
Lai,Minimarket,-1.2697921,116.8385275,shop,convenience
Lala,Minimarket,-1.2644612,116.8384256,shop,convenience
Lia toko,Minimarket,-1.2253633,116.8652809,shop,convenience
Madam toko,Minimarket,-1.2251401,116.8650702,shop,convenience
Mini Market Susana M C,Minimarket,-1.242842,116.8624627,shop,convenience
Minimarket Koperasi Wanita Patra,Minimarket,-1.2771912638416776,116.81486731769775,shop,convenience
Mira toko,Minimarket,-1.2252214,116.8652522,shop,convenience
Nila,Minimarket,-1.269599,116.838667,shop,convenience
Nining,Minimarket,-1.2414442,116.9002741,shop,convenience
Presley,Minimarket,-1.2632245,116.8371343,shop,convenience
Rahmi,Minimarket,-1.2420342,116.898817,shop,convenience
Rama,Minimarket,-1.2655231,116.8396916,shop,convenience
Rika Warung,Minimarket,-1.2352806,116.8594041,shop,convenience
Rudi,Minimarket,-1.2725809,116.8386241,shop,convenience
Samidi toko,Minimarket,-1.2254081,116.8652484,shop,convenience
Toko Al-Hasyir - Klandasan Ilir,Minimarket,-1.26539745,116.85062445,shop,convenience
Toko Andiyono Gunung Samarinda,Minimarket,-1.23892575,116.83981390000001,shop,convenience
Toko Arifin,Minimarket,-1.254803634015363,116.83919149937647,shop,convenience
Toko Cherry,Minimarket,-1.2723510394682724,116.85291396494242,shop,convenience
Toko Harum Batu Ampar,Minimarket,-1.2262145026200038,116.86030976666665,shop,convenience
Toko Lia,Minimarket,-1.2204961987814256,116.85661923342205,shop,convenience
Toko Linda,Minimarket,-1.2614296025722607,116.85518443619603,shop,convenience
Toko Nina Balikpapan Kota,Minimarket,-1.2674765255102156,116.8563658353639,shop,convenience
Toko Perdana,Minimarket,-1.2162213085278881,116.83998939647942,shop,convenience
Toko Rara,Minimarket,-1.2502626,116.8404514,shop,convenience
Toko Rendy,Minimarket,-1.2167452016792553,116.85408930253496,shop,convenience
Toko Risma,Minimarket,-1.2202556425100022,116.82319371446471,shop,convenience
Toko Ros  Mekar Sari,Minimarket,-1.2461501,116.8283065,shop,convenience
Toko Salmah,Minimarket,-1.2300296689750936,116.94827656778988,shop,convenience
Toko Siaga Baru Damai,Minimarket,-1.2657895,116.8521036,shop,convenience
Toko Syarif,Minimarket,-1.2192770232392647,116.84437711778081,shop,convenience
Wafiq Azizah,Minimarket,-1.2412532,116.9042348,shop,convenience
Warung Reni,Minimarket,-1.2348054761052991,116.83229604171922,shop,convenience
Yova Mart,Minimarket,-1.2369948,116.8560132,shop,convenience
Yuli,Minimarket,-1.2652549,116.8395521,shop,convenience
Zainal Mart,Minimarket,-1.2696599,116.8404327,shop,convenience
beams teknik,Minimarket,-1.2243126,116.9634554,shop,convenience
KOs-Kosan Punai 1,Motel,-1.243205,116.8857492,tourism,motel
Kamar Kost Bougenville,Motel,-1.2624967,116.8567538,tourism,motel
Kos-Kosan,Motel,-1.2663284,116.8469703,tourism,motel
Kosan 1,Motel,-1.2661675,116.8472631,tourism,motel
Dahor Heritage Balikpapan,Museum,-1.2355159638967146,116.8259293420703,tourism,museum
Museum Kodam VI/MLW,Museum,-1.2340511360992916,116.81785470423942,tourism,museum
Badan Penanggulangan Bencana Daerah Balikpapan Barat,Pemadam Kebakaran,-1.2343395,116.8251081,amenity,fire_station
Perpustakaan Daerah Kota Balikpapan,Perpustakaan,-1.2693764149372202,116.83431998436149,amenity,library
UPT Perpustakaan Universitas Balikpapan,Perpustakaan,-1.2653841938984884,116.86714370004006,amenity,library
Direktorat Sabhara Polda Kaltim,Polisi,-1.2795969879429656,116.81910177371627,amenity,police
Kantor Samsat Muara Rapak,Polisi,-1.2359112252455464,116.839142703618,amenity,police
Kepolisian Daerah Kalimantan Timur (Polda Kaltim),Polisi,-1.230081388477912,116.88582712848013,amenity,police
Polres Kota Balikpapan,Polisi,-1.2762385886382612,116.83578750351921,amenity,police
Polsek Balikpapan Selatan,Polisi,-1.2539728628502245,116.90506332888609,amenity,police
Polsek Balikpapan Utara,Polisi,-1.2412961531490534,116.83709113056283,amenity,police
Polsek Kawasan Bandara Sepinggan Balikpapan,Polisi,-1.2581196897859903,116.9045462398946,amenity,police
Polsek Kawasan Pelabuhan Semayang Resor Balikpapan,Polisi,-1.276126183041286,116.80833270450762,amenity,police
Pos Lantas Kebun Sayur,Polisi,-1.2359354480424263,116.82583982648006,amenity,police
Pos Polisi Ahmad Yani,Polisi,-1.2619670692486826,116.83926671380435,amenity,police
Pos Polisi Lalu Lintas Pandan Sari,Polisi,-1.23692965,116.82511629999999,amenity,police
Pos Security,Polisi,-1.1356391,116.85751665000001,amenity,police
Satlantas Polres Kota Balikpapan,Polisi,-1.276764612663864,116.83495814011766,amenity,police
Satuan Polisi Pamong Praja Balikpapan,Polisi,-1.2772417713481095,116.82655433024465,amenity,police
Laboratorium Khatulistiwa,Pusat Komunitas,-1.27142735,116.83814015,amenity,community_centre
PT. Telkom Indonesia Kota Balikpapan,Pusat Komunitas,-1.2557362364038278,116.83931475291782,amenity,community_centre
Sekretariat Lama KNPI Kota Balikpapan,Pusat Komunitas,-1.2678267,116.8326288,amenity,community_centre
Balikpapan Sport and Convention Center,Pusat Olahraga,-1.2433941704504279,116.89020611766804,leisure,sports_centre
GOR Hevindo 2,Pusat Olahraga,-1.22790865,116.86964225,leisure,sports_centre
Gedung Olah Raga Mulawarman,Pusat Olahraga,-1.273425411796844,116.8244804213057,leisure,sports_centre
Gelora Patra Pertamina,Pusat Olahraga,-1.281237163298965,116.81255200716673,leisure,sports_centre
Lapangan Tembak Manggar,Pusat Olahraga,-1.2003442319682252,116.97570699326732,leisure,sports_centre
Primafit Sports & Wellness,Pusat Olahraga,-1.2301252413049568,116.87278238599808,leisure,sports_centre
Sepinggan Pratama Badminton,Pusat Olahraga,-1.2214846499999987,116.8832213,leisure,sports_centre
Sepinggan Pratama Futsal,Pusat Olahraga,-1.2217307000000002,116.8824297,leisure,sports_centre
Auskah - Gunung Sari Ilir,Restoran,-1.269813,116.8390351,amenity,restaurant
Ayam Geprek 77,Restoran,-1.2159163,116.84362185000002,amenity,restaurant
Ayam Geprek Alika - Karang Rejo,Restoran,-1.2420606494587094,116.83794283309554,amenity,restaurant
Ayam Geprek Pinpin - Gunung Sari Ilir,Restoran,-1.2656947213987444,116.83659490396116,amenity,restaurant
Ayam Gepuk Dpresident - Klandasan Ilir,Restoran,-1.2724706032307271,116.84848829625021,amenity,restaurant
Ayam Serundeng Surabaya Bu Jum - Damai,Restoran,-1.2677191212593113,116.8601225751178,amenity,restaurant
Bakso & Mie Ayam Kolor Ijo,Restoran,-1.2276876,116.8641198,amenity,restaurant
Bakso Bakar Arema - DI Panjaitan,Restoran,-1.2513393971649716,116.84627768935849,amenity,restaurant
Bakso Mie Ayam Sopo Nyono Inpres II - Muara Rapak,Restoran,-1.2335615353820117,116.83498792749269,amenity,restaurant
Bakso Pangsit wardoyo,Restoran,-1.2419488,116.88381505,amenity,restaurant
Bakso Popeye,Restoran,-1.2431118,116.8631325,amenity,restaurant
Bakwan Bintang Malang,Restoran,-1.2276099999999999,116.84063119999999,amenity,restaurant
Balikpapan Kepiting Center,Restoran,-1.260993895543762,116.86329998642871,amenity,restaurant
Bebek & Ayam Goreng Pak Ndut - Sepinggan,Restoran,-1.2520036231025564,116.89619014891,amenity,restaurant
Bebek Goreng H Slamet,Restoran,-1.2749737,116.8295406,amenity,restaurant
Biru Laut Restoran,Restoran,-1.2793663,116.822841,amenity,restaurant
Bondy Bakery & Restaurant,Restoran,-1.2734464,116.8384136,amenity,restaurant
Bro Chicken Ayam Geprek - Sumber Rejo,Restoran,-1.240029620399996,116.84558923739355,amenity,restaurant
Bubur Ayam Samarinda,Restoran,-1.2645174737095326,116.83732218031238,amenity,restaurant
Bubur Goreng Balikpapan - Batu Ampar,Restoran,-1.2218858,116.8573461,amenity,restaurant
Cafe Puncak,Restoran,-1.2740408,116.8090224,amenity,restaurant
Catering Rumah Hijau,Restoran,-1.2443957546341573,116.90730267047917,amenity,restaurant
Coto Makassar Ahbab,Restoran,-1.2307536,116.8738332,amenity,restaurant
Coto Makassar Begadang,Restoran,-1.2674134028417592,116.83731662561263,amenity,restaurant
Coto Makassar H Judding,Restoran,-1.2418895751641994,116.8807939929776,amenity,restaurant
Coto Makassar H Kasim,Restoran,-1.2778804754680722,116.83288638183602,amenity,restaurant
D Jamoeni - Perumahan Puri Ratu Kencana,Restoran,-1.239212674606991,116.89084725611087,amenity,restaurant
D Therras Food & Resto,Restoran,-1.246640880476056,116.85453044992106,amenity,restaurant
D'Pondok Soban Klandasan ilir,Restoran,-1.2656003343743232,116.84434224119829,amenity,restaurant
Dapoer Mak Ti,Restoran,-1.2757104,116.811787,amenity,restaurant
Dapur Jogja - Damai,Restoran,-1.2457069,116.859835,amenity,restaurant
Depot Arema Gn. Malang,Restoran,-1.2640555295037117,116.84721412104203,amenity,restaurant
Depot Arison Damai,Restoran,-1.2681247,116.8571875,amenity,restaurant
Depot Damai,Restoran,-1.2623244444412687,116.86097191172718,amenity,restaurant
Depot Dewa,Restoran,-1.2429647,116.8621366,amenity,restaurant
Depot HK Ruko Bandar Balikpapan,Restoran,-1.2774574030478483,116.83453022415738,amenity,restaurant
Depot Horison,Restoran,-1.2696666,116.8375068,amenity,restaurant
Depot Kalbar Muara Rapak,Restoran,-1.242005049999998,116.83410749999997,amenity,restaurant
Depot Lusiana,Restoran,-1.2379995072699677,116.82598861406103,amenity,restaurant
Depot Mie Arela,Restoran,-1.2173434,116.8416237,amenity,restaurant
Depot Mie Sella Jaya,Restoran,-1.228792679640852,116.82774948406387,amenity,restaurant
Depot Vegetarian Shuang Hua,Restoran,-1.2625046,116.8386191,amenity,restaurant
Depot Vegetarian Surya Maitri,Restoran,-1.2618718959901691,116.8725353271157,amenity,restaurant
Dinasty Restaurant,Restoran,-1.2426337,116.8630268,amenity,restaurant
Es Teller Durian Naufa Empek Empek Adaan - Muara Rapak,Restoran,-1.2199937314593539,116.8355715459272,amenity,restaurant
Fusion Cafe Sushi & Ramen - Balikpapan Baru,Restoran,-1.2428235,116.8624936,amenity,restaurant
GoBar,Restoran,-1.238209,116.873761,amenity,restaurant
Iga Bakar Mas Giri - Balikpapan,Restoran,-1.2736172,116.85030085,amenity,restaurant
Ikan Bakar Laut Makassar - Manggar,Restoran,-1.2242122074689137,116.9637243849626,amenity,restaurant
JJ Steak & Gelato,Restoran,-1.2718638825617474,116.85911009211073,amenity,restaurant
Just Eat Bpp - Gunung Bahagia,Restoran,-1.2403321999999999,116.88429395,amenity,restaurant
Kana's Kitchen,Restoran,-1.2347081127127142,116.86537334153458,amenity,restaurant
Kantin Hubdam,Restoran,-1.2779757,116.8198757,amenity,restaurant
Kebab Kairo - Ruko Sentra Eropa,Restoran,-1.2449967,116.8601546,amenity,restaurant
Kedai 'Koming' Nasi Krawu - Sepinggan,Restoran,-1.250803743976916,116.90176463411787,amenity,restaurant
Kedai Good Times - Gunung Bahagia,Restoran,-1.2493871749542556,116.87023742247155,amenity,restaurant
Kedai Laut Raja Seafood - Gunung Bahagia,Restoran,-1.27511241365105,116.86332743140001,amenity,restaurant
Kedai Laut Raja Seafood - Gunung Sari Ulu,Restoran,-1.2620643815378108,116.84357191804509,amenity,restaurant
Kedai Mama Shin - Gunung Bahagia,Restoran,-1.2478447869161609,116.87112843231009,amenity,restaurant
Kedai Sabindo - Klandasan Ilir,Restoran,-1.2674934999999998,116.84600269999997,amenity,restaurant
Kedai Teraz 17,Restoran,-1.2485431,116.84127685,amenity,restaurant
Kedai Wong Kreatif,Restoran,-1.2428539,116.8976878,amenity,restaurant
Kemala Beach Resto,Restoran,-1.2803408,116.8184565,amenity,restaurant
Kepiting Maknyus,Restoran,-1.272713,116.8628392,amenity,restaurant
Kepiting New Kenari,Restoran,-1.265507654742622,116.88557795959633,amenity,restaurant
Kilang Mandiri Cafe & Resto,Restoran,-1.2805832000000001,116.81547694999999,amenity,restaurant
Kulawaku - Gunung Samarinda,Restoran,-1.2374502,116.8544815,amenity,restaurant
Lesehan Melawai,Restoran,-1.2787113,116.8099959,amenity,restaurant
Lontong Medan Ny. Lim - Balikpapan Baru,Restoran,-1.2444597,116.8607521,amenity,restaurant
Mantau Fya Klandasan,Restoran,-1.276663,116.8332118,amenity,restaurant
Matsu Bento - Plaza Balikpapan,Restoran,-1.2783172,116.8387369,amenity,restaurant
Mie Ayam & Bakso Kolor Ijo,Restoran,-1.2636855948372436,116.84659558544598,amenity,restaurant
Mie Ayam Bakso Semut Ireng - Batu Ampar,Restoran,-1.2193027,116.8444825,amenity,restaurant
Mie Granat Balikpapan,Restoran,-1.2381720999999997,116.83675329999998,amenity,restaurant
Mie Kocok Mie Yamien Kajojo 1945 - Gunung Samarinda,Restoran,-1.23847795,116.84544485,amenity,restaurant
Mimi Chicken - Gunung Samarinda,Restoran,-1.239334489938827,116.84085857684452,amenity,restaurant
Moonks Cwie Mie Malang,Restoran,-1.2298194,116.8927702,amenity,restaurant
Mr Sumo Handayani - Prapatan,Restoran,-1.2801104,116.8107717,amenity,restaurant
Nasi Bebek Tugu Pahlawan Surabaya - Klandasan Ilir,Restoran,-1.276133792264166,116.84251955744375,amenity,restaurant
Nasi Goreng Arema BDS - Gunung Bahagia,Restoran,-1.262827425994627,116.87504198178002,amenity,restaurant
Nasi Pecel Pincuk Khas Madiun Pak Kumis - Klandasan Ilir,Restoran,-1.2668141194248632,116.84588506343617,amenity,restaurant
Nasi Uduk Jakarta - Gunungsari Ulu,Restoran,-1.2436622,116.8572032,amenity,restaurant
Ocean Restaurant,Restoran,-1.2781742,116.8352895,amenity,restaurant
Oto Bento Balikpapan Baru - Damai,Restoran,-1.2453231,116.8582758,amenity,restaurant
Pak Asman Bebek Goreng Jumbo,Restoran,-1.2768962,116.8409897,amenity,restaurant
Pakde Gembul - Muara Rapak,Restoran,-1.237822622199281,116.83113889136506,amenity,restaurant
Pasta Cielo - Gunung Bahagia,Restoran,-1.2476308347769869,116.87123521086826,amenity,restaurant
Patra Melawai,Restoran,-1.2805037,116.8152673,amenity,restaurant
Pempek Comring 04 - Gunung Bahagia,Restoran,-1.23549095,116.8820697,amenity,restaurant
Pempek Peni Martadinata - Mekarsari,Restoran,-1.2566495679878034,116.83786882449307,amenity,restaurant
Peyek Kepiting Kampoeng timoer,Restoran,-1.2360024382554382,116.8461263737414,amenity,restaurant
Pisang Keju 7 Rasa H. Kadap - Gunungsari Ilir,Restoran,-1.265707929476715,116.83686499648027,amenity,restaurant
Pisang Keju Crepes Corner - Gunung Bahagia,Restoran,-1.2437305657877726,116.87473232009803,amenity,restaurant
Pizza Hut,Restoran,-1.2162835,116.8518133,amenity,restaurant
Pop Steak Gunung Pasir,Restoran,-1.2696080811975603,116.83382294287034,amenity,restaurant
RM Ayam Bakar Bojolali,Restoran,-1.2767972201767082,116.82638575318177,amenity,restaurant
RM Bonito - Klandasan Ilir,Restoran,-1.273887413910533,116.83758119427438,amenity,restaurant
RM Lembah Anai Karang Anyar,Restoran,-1.2418195246937223,116.82926605508416,amenity,restaurant
RM Minang Asli,Restoran,-1.2716172,116.85432010000002,amenity,restaurant
RM Padang Jawa,Restoran,-1.1389158,116.8803717,amenity,restaurant
RM Rossi,Restoran,-1.2517968918304176,116.89498932956906,amenity,restaurant
RM Torani Kepiting Pusat Seafood & Kuliner Balikpapan,Restoran,-1.2750728999999992,116.86531099999998,amenity,restaurant
RM Tulungagung Balikpapan,Restoran,-1.2757515,116.843836,amenity,restaurant
RM. Simpang Empat Suki - Damai,Restoran,-1.2448177,116.8592815,amenity,restaurant
Raja Jahe - Damai,Restoran,-1.2583972,116.8672143,amenity,restaurant
Ready Cook - Batu Ampar,Restoran,-1.2228964,116.8772287,amenity,restaurant
Restauran Pantai Monumen,Restoran,-1.2792488039486691,116.82119370059826,amenity,restaurant
Restoran,Restoran,-1.1337736358019803,116.85553441564791,amenity,restaurant
Restoran Atomik,Restoran,-1.2764013,116.83683490000001,amenity,restaurant
Restoran Coto Makassar,Restoran,-1.2780731,116.8326019,amenity,restaurant
Restoran Kepiting Kenari,Restoran,-1.2675616460832722,116.87794775587201,amenity,restaurant
Restoran Kepiting Saos Dandito,Restoran,-1.2679142999999975,116.88075004999999,amenity,restaurant
Restoran Sangrila,Restoran,-1.2655268807491917,116.83724956486643,amenity,restaurant
Restoran Simpang Raya,Restoran,-1.2670921999999998,116.8573389,amenity,restaurant
Restoran Simpang Raya Indah,Restoran,-1.2767932499999999,116.83973814999999,amenity,restaurant
Rumah Makan Pasundan,Restoran,-1.279719371946259,116.81871190621762,amenity,restaurant
Rumah Makan Salero Minang - Sepinggan Raya,Restoran,-1.2581666410137682,116.90820562187835,amenity,restaurant
Rumah Makan Segiri,Restoran,-1.2796690856836193,116.82128176940782,amenity,restaurant
Rumah Sosis Bakar Jontor - Gunung Bahagia,Restoran,-1.2354196105197555,116.87984077456262,amenity,restaurant
Rumah Sosis Senayan,Restoran,-1.2405251845212408,116.84517369530543,amenity,restaurant
Sate Haji Sanusi - Sepinggan,Restoran,-1.2570479120416411,116.9034943169099,amenity,restaurant
Sate Kambing H Rawi,Restoran,-1.251996275672138,116.84554744615774,amenity,restaurant
Sate Sony Gelora - Telaga Sari,Restoran,-1.2674476056745243,116.83152002887276,amenity,restaurant
Sate Taichan 'Icun' - Gunung Samarinda,Restoran,-1.2436871,116.8573774,amenity,restaurant
Shanghai Restaurant,Restoran,-1.2756541500000003,116.84712535,amenity,restaurant
Siang Malam Seafood & Resto,Restoran,-1.2131105,116.8581714,amenity,restaurant
Siomay Batagor Bandung Boga Rasa - Damai,Restoran,-1.2643090133776311,116.85937984599913,amenity,restaurant
Sop Buah Aneka Jus Alfamidi Kilo 6 - Graha Indah,Restoran,-1.2081902,116.8694922,amenity,restaurant
Soto Banjar Kuin Abduh SQ,Restoran,-1.2612006500000001,116.86203264999999,amenity,restaurant
Soto Semarang Rahmat,Restoran,-1.257827173929099,116.83936034212859,amenity,restaurant
Sundari Catering,Restoran,-1.2254736331803722,116.87159389610537,amenity,restaurant
Sushikuy Grand City - Batu Ampar,Restoran,-1.2226351,116.8775607,amenity,restaurant
Terumbu Sultra Ikan Bakar,Restoran,-1.2603898731685752,116.86515595444959,amenity,restaurant
The Coast Restaurantt Balikpapan,Restoran,-1.2756634499999995,116.87363339999999,amenity,restaurant
This Way - Damai,Restoran,-1.2610529161531974,116.86228773757618,amenity,restaurant
Tip Top Rumah Makan,Restoran,-1.2795333293996065,116.82132265662383,amenity,restaurant
Toko Empek Empek 10 Ulu,Restoran,-1.27197435,116.8382004,amenity,restaurant
Upik Padang,Restoran,-1.2743933,116.8381249,amenity,restaurant
W-HaHa/ Kwetiau Medan,Restoran,-1.2449663,116.8585155,amenity,restaurant
WR Padang Upik MT Haryono,Restoran,-1.2672317326761107,116.85786591064515,amenity,restaurant
Wakul Cafe Resto - Sepinggan,Restoran,-1.2282289,116.8818628,amenity,restaurant
Waroeng Mama - Gunung Samarinda,Restoran,-1.2439431,116.8599637,amenity,restaurant
Warung,Restoran,-1.2743037,116.8202203,amenity,restaurant
Warung Alam Desa,Restoran,-1.1069453,116.8796846,amenity,restaurant
Warung Arema,Restoran,-1.2572415,116.8383458,amenity,restaurant
Warung Berkah Mama Shelvi - Sumber Rejo,Restoran,-1.2467140738488822,116.85481369347663,amenity,restaurant
Warung Bitbit - Damai Bahagia,Restoran,-1.2664977,116.86078295,amenity,restaurant
Warung Gandul Cabang Kuaro - Sepinggan,Restoran,-1.2572227999999999,116.90346489803922,amenity,restaurant
Warung Jauhari,Restoran,-1.21661155,116.85446389999998,amenity,restaurant
Warung Jogja Istimewa - Klandasan Ulu,Restoran,-1.2774721794896138,116.83415137459187,amenity,restaurant
Warung KPK Balikpapan,Restoran,-1.2608682539669909,116.86239912686304,amenity,restaurant
Warung Lamongan Ibu Leli,Restoran,-1.2578160615684757,116.83795205013313,amenity,restaurant
Warung Madiun,Restoran,-1.2408275772651933,116.83942652578463,amenity,restaurant
Warung Magetan,Restoran,-1.2761363,116.8401679,amenity,restaurant
Warung Mas Gondrong Batu Ampar Balikpapan,Restoran,-1.2192371,116.8561169,amenity,restaurant
Warung Najwa - Gunungsari Ulu,Restoran,-1.2621478496688108,116.84447706948299,amenity,restaurant
Warung Nasi Goreng Barokah Aburias,Restoran,-1.249674766582585,116.84057011684929,amenity,restaurant
Warung Nasie Mie Goreng,Restoran,-1.2727972,116.8268535,amenity,restaurant
Warung Nganjuk,Restoran,-1.239320950000002,116.84123375,amenity,restaurant
Warung Padang Upik,Restoran,-1.278873299999998,116.8198597,amenity,restaurant
Warung Padang Upik - Gunung Sari Ilir,Restoran,-1.2743201,116.8384326,amenity,restaurant
Warung Prasmanan Bu Lulu - Gunung Samarinda,Restoran,-1.2368054,116.8565236,amenity,restaurant
Warung Rakyat,Restoran,-1.2460899,116.8713063,amenity,restaurant
Warung Rejeki Makmur,Restoran,-1.243951,116.862315,amenity,restaurant
Warung Seblak Dan Mendoan - Damai,Restoran,-1.2651646413351558,116.85139057601995,amenity,restaurant
Warung Semarang Lalapan,Restoran,-1.1872708,116.8856826,amenity,restaurant
Warung Surabaya,Restoran,-1.2741697258308406,116.82075404495086,amenity,restaurant
Warung Tudai - Sumber Rejo,Restoran,-1.248129,116.8511698,amenity,restaurant
Zeus,Restoran,-1.2781439,116.8351225,amenity,restaurant
hidangan Padang Panjang,Restoran,-1.2753251,116.8471873,amenity,restaurant
Dokter Praktek,Rumah Sakit,-1.2548966,116.8381163,amenity,hospital
HSSE Center Pertamina (Unit Demo Room),Rumah Sakit,-1.239444446043051,116.82743093113177,amenity,hospital
Klinik Ibnu Sina,Rumah Sakit,-1.242914774018095,116.83468254707655,amenity,hospital
Omni Hospital,Rumah Sakit,-1.2431814,116.872623,amenity,hospital
Puskesmas Gunung Bahagia,Rumah Sakit,-1.2424218999999999,116.88342884999997,amenity,hospital
Puskesmas Sepinggan,Rumah Sakit,-1.2584276330289204,116.90787881810175,amenity,hospital
RS Bersalin Kasih Ibu,Rumah Sakit,-1.2553874999999999,116.84217250000002,amenity,hospital
RS Bhayangkara Balikpapan,Rumah Sakit,-1.2797769413734237,116.81974426868578,amenity,hospital
RS Hermina Balikpapan,Rumah Sakit,-1.2298554034437665,116.87454987945114,amenity,hospital
RST Dr Hardjanto,Rumah Sakit,-1.2739548289682932,116.82888522685116,amenity,hospital
RSUD Beriman Balikpapan,Rumah Sakit,-1.2632244,116.8472077,amenity,hospital
RSUD Dr. Kanujoso Djatiwibowo Balikpapan,Rumah Sakit,-1.2240036352468662,116.86884315476138,amenity,hospital
Rumah Sakit Pertamina Balikpapan,Rumah Sakit,-1.2787469682696495,116.817718417278,amenity,hospital
Rumah Sakit Restu Ibu,Rumah Sakit,-1.2723611820524332,116.83722112056697,amenity,hospital
Siloam Hospital,Rumah Sakit,-1.2522841699193663,116.87031081849157,amenity,hospital
UGD,Rumah Sakit,-1.2430446,116.8347214,amenity,hospital
SPBG Pertamina,SPBU,-1.2424304672347077,116.83541103813705,amenity,fuel
SPBU KM 14,SPBU,-1.1527017,116.877873,amenity,fuel
SPBU KM 9,SPBU,-1.1974965307720675,116.88179989542095,amenity,fuel
SPBU Kilo 4,SPBU,-1.2173122930575713,116.85283048633099,amenity,fuel
SPBU Pertamina,SPBU,-1.2438844688835173,116.87250749834438,amenity,fuel
SPBU Pertamina Gn. Guntur,SPBU,-1.2512881729111405,116.8467525815874,amenity,fuel
SPBU Pertamina Karang Anyar,SPBU,-1.2415546297745237,116.82864159174471,amenity,fuel
SPBU Pertamina MT Haryono,SPBU,-1.2649299007500705,116.85958278210076,amenity,fuel
SPBU Pertamina Mayjend Sutoyo,SPBU,-1.2670602500000023,116.84625665000002,amenity,fuel
SPN Stalkuda,SPBU,-1.2749590126981234,116.86263504315482,amenity,fuel
Artha 4,Sekolah,-1.2437283,116.8624432,amenity,school
Gedung Serbaguna Al Ikhwan Balikpapan Baru SDIT Balikpapan Islamic School,Sekolah,-1.245159451861397,116.86809793140199,amenity,school
IOP Preschool Wiluyo Puspoyudo,Sekolah,-1.2751724458240248,116.8294943822998,amenity,school
Intis Elementary School Balikpapan,Sekolah,-1.222336169407923,116.88136038436978,amenity,school
KICS Kalimantan International Christian School,Sekolah,-1.2482889331129987,116.89515671514583,amenity,school
LP3i College Balikpapan,Sekolah,-1.2492732763653813,116.85054668434078,amenity,school
MAN Balikpapan,Sekolah,-1.27457295,116.81894534999999,amenity,school
MI AL- ULA,Sekolah,-1.2300151199399096,116.81311800770852,amenity,school
MI Asy Syifa,Sekolah,-1.2144903285172028,116.85500201779605,amenity,school
MI Ibnu Umar,Sekolah,-1.2157951078904656,116.84459998879593,amenity,school
MI Sentra Cendekia Muslim Balikpapan,Sekolah,-1.2456886672614367,116.88684133384439,amenity,school
MTs Negeri 1 Balikpapan,Sekolah,-1.240846824100837,116.83306640363062,amenity,school
Madinatul Iman,Sekolah,-1.2435992825265534,116.85363999044178,amenity,school
Madrasah Babus Salam,Sekolah,-1.2258407,116.8197654,amenity,school
Madrasah Ibtidaiyah Al-Irsyad DDI Balikpapan,Sekolah,-1.245450685718481,116.88745058957589,amenity,school
Paud Bunda Aini,Sekolah,-1.2758524,116.83198585,amenity,school
Paud Jabal Rahmah,Sekolah,-1.226884413614135,116.8292111948709,amenity,school
Pondok Pesantren Bairuha,Sekolah,-1.2544462724571623,116.85227052085125,amenity,school
Pondok Pesantren Ibnul Qoyyim,Sekolah,-1.2063544000000002,116.8594808,amenity,school
Pondok Pesantren Syekh Muhammad Arsyad Al-Banjary,Sekolah,-1.1134082,116.8768763,amenity,school
Raffles Independent School,Sekolah,-1.2358806902632506,116.87488899390534,amenity,school
SD,Sekolah,-1.1543908321757117,117.00623854825646,amenity,school
SD 011 Negeri Balikpapan Utara,Sekolah,-1.2378170766607868,116.85034868165785,amenity,school
SD 025 Balikpapan,Sekolah,-1.2579387147219765,116.84642615420205,amenity,school
SD ADVENT Balikpapan Tengah,Sekolah,-1.2684378638875842,116.83613994411589,amenity,school
SD Bethel Balikpapan Tengah,Sekolah,-1.2631863239196652,116.84172915392236,amenity,school
SD Cokroaminoto,Sekolah,-1.267053818668839,116.83778598305895,amenity,school
SD IT PJHI Balikpapan,Sekolah,-1.2370184499999999,116.938517,amenity,school
SD Inpres Gunung Pasir,Sekolah,-1.2669539,116.8343124,amenity,school
SD Islam Terpadu Assadiyah Manuntung,Sekolah,-1.2370537000000001,116.82517915,amenity,school
SD Islamic Global School,Sekolah,-1.2346644,116.86251589999999,amenity,school
SD Kartika V-3 Balikpapan,Sekolah,-1.2211340999999993,116.84674765,amenity,school
SD Kartika V-4 Balikpapan Kota,Sekolah,-1.2632205461151034,116.8590698592227,amenity,school
SD Kartika V-I Balikpapan Kota,Sekolah,-1.2739369501366302,116.82416444444952,amenity,school
SD Katolik Santa Theresia,Sekolah,-1.2775962756348123,116.8199856446766,amenity,school
SD Katolik Yos Sudarso,Sekolah,-1.238847269229803,116.83030652775491,amenity,school
SD Kemala Bhayangkara,Sekolah,-1.278007378902945,116.82670716557087,amenity,school
SD Latihan YBBSU Balikpapan,Sekolah,-1.2699250344922652,116.83281415815975,amenity,school
SD Muhammadiyah 1 Balikpapan,Sekolah,-1.250607273491366,116.84051272755636,amenity,school
SD N 009,Sekolah,-1.2522476638352906,116.83377597137688,amenity,school
SD Nasional KPS Balikpapan Kota,Sekolah,-1.2785859818251644,116.81683978334553,amenity,school
SD Negeri 001 Balikpapan Barat,Sekolah,-1.222138092438203,116.8130302175497,amenity,school
SD Negeri 001 Balikpapan Kota,Sekolah,-1.2719201861827674,116.83118427678505,amenity,school
SD Negeri 001 Balikpapan Tengah,Sekolah,-1.2508358059239697,116.83714428142329,amenity,school
SD Negeri 001 Balikpapan Utara,Sekolah,-1.2343477261101163,116.84290670348236,amenity,school
SD Negeri 002 Balikpapan Kota,Sekolah,-1.271745717819955,116.82138783578873,amenity,school
SD Negeri 002 Balikpapan Tengah,Sekolah,-1.2531355770951342,116.83837974794858,amenity,school
SD Negeri 003 Balikpapan Barat,Sekolah,-1.2341013451587188,116.8171041762375,amenity,school
SD Negeri 003 Balikpapan Kota,Sekolah,-1.2750220939134813,116.82857386373503,amenity,school
SD Negeri 003 Balikpapan Utara,Sekolah,-1.2410221459362083,116.83258689875065,amenity,school
SD Negeri 004 Balikpapan Barat,Sekolah,-1.2355317866052788,116.82021395538422,amenity,school
SD Negeri 004 Balikpapan Kota,Sekolah,-1.2755147,116.8339502,amenity,school
SD Negeri 005 Balikpapan Barat,Sekolah,-1.2311427000000001,116.82478745,amenity,school
SD Negeri 005 Balikpapan Kota,Sekolah,-1.2747257261926968,116.84587230222954,amenity,school
SD Negeri 006 Balikpapan Barat,Sekolah,-1.2288883170244052,116.8176043501688,amenity,school
SD Negeri 006 Balikpapan Selatan,Sekolah,-1.2752076564130683,116.80934032635774,amenity,school
SD Negeri 006 Balikpapan Utara,Sekolah,-1.1787096676100766,116.88017455155796,amenity,school
SD Negeri 007 Balikpapan Barat,Sekolah,-1.232901041716843,116.82593707831568,amenity,school
SD Negeri 008 Balikpapan Kota,Sekolah,-1.2710926932429567,116.85789898305875,amenity,school
SD Negeri 009 Balikpapan Barat,Sekolah,-1.234743362140883,116.81962811040016,amenity,school
SD Negeri 009 Balikpapan Utara,Sekolah,-1.1998224527741275,116.88438379656061,amenity,school
SD Negeri 010 Balikpapan Tengah,Sekolah,-1.250214639179724,116.84673386652756,amenity,school
SD Negeri 011 Balikpapan Barat,Sekolah,-1.2332633000000002,116.8296894,amenity,school
SD Negeri 012 Balikpapan Barat,Sekolah,-1.2267043999999998,116.81431314999999,amenity,school
SD Negeri 012 Balikpapan Tengah,Sekolah,-1.2446101142117207,116.83831051816331,amenity,school
SD Negeri 013 Balikpapan Barat,Sekolah,-1.2274357497130406,116.81926048338882,amenity,school
SD Negeri 013 Balikpapan Kota,Sekolah,-1.273848712993844,116.82075507279295,amenity,school
SD Negeri 014 Balikpapan Tengah,Sekolah,-1.2576065910171328,116.84329058647693,amenity,school
SD Negeri 015 Balikpapan Kota,Sekolah,-1.2731208566556893,116.834513295107,amenity,school
SD Negeri 015 Balikpapan Selatan,Sekolah,-1.2395222318497368,116.89278683590274,amenity,school
SD Negeri 016 Balikpapan Barat,Sekolah,-1.2332929798273708,116.82986240161779,amenity,school
SD Negeri 017 Balikpapan Barat,Sekolah,-1.2250921174953677,116.81690359437262,amenity,school
SD Negeri 018 Balikpapan Tengah,Sekolah,-1.2608312362320497,116.84670018781858,amenity,school
SD Negeri 020 Balikpapan utara,Sekolah,-1.2457882114667154,116.84202828117094,amenity,school
SD Negeri 027 Balikpapan Tengah,Sekolah,-1.24510015,116.85469450000001,amenity,school
SD Negeri 029 Balikpapan Utara,Sekolah,-1.1097722570201092,116.87825887165081,amenity,school
SD Negeri 28 BS,Sekolah,-1.2414462502804304,116.8857775069419,amenity,school
SD Patra Darma 1,Sekolah,-1.2364799950273997,116.83373942334475,amenity,school
SD Patra Dharma 3 Balikpapan,Sekolah,-1.2772956633381884,116.81686385661831,amenity,school
SD Pelita Hati,Sekolah,-1.2720988157839608,116.8445766400601,amenity,school
SD SMP Istiqamah,Sekolah,-1.2785544695863542,116.81381069416783,amenity,school
SDN 001 Balikpapan Selatan,Sekolah,-1.274645368767806,116.86684653013444,amenity,school
SDN 003,Sekolah,-1.232929618079193,116.81581915505363,amenity,school
SDN 003 Balikpapan Selatan,Sekolah,-1.2646014999999975,116.87944884999999,amenity,school
SDN 003 Balikpapan Tengah,Sekolah,-1.26905895,116.8367665,amenity,school
SDN 007 Balikpapan Kota,Sekolah,-1.2709281301041142,116.8442889045501,amenity,school
SDN 007 Balikpapan Utara,Sekolah,-1.238106270520495,116.8449656609254,amenity,school
SDN 011 Balikpapan Tengah,Sekolah,-1.2446063376480092,116.84699696932266,amenity,school
SDN 013 Balikpapan Selatan,Sekolah,-1.2416783972667929,116.88580602557457,amenity,school
SDN 015 Balikpapan Tengah,Sekolah,-1.2671643499999972,116.84013885,amenity,school
SDN 016 Gunung Sari,Sekolah,-1.2714266482168306,116.8420698802472,amenity,school
SDN 024 Balikpapan Utara,Sekolah,-1.225335707593053,116.83804622902022,amenity,school
SDN 030 Balikpapan Utara,Sekolah,-1.2348685903633776,116.85975393831711,amenity,school
SDN 031 Balikpapan Utara,Sekolah,-1.2109807671603017,116.83776059569787,amenity,school
SKB Balikpapan Barat,Sekolah,-1.226673283412092,116.81971165272763,amenity,school
SLB Negeri Balikpapan,Sekolah,-1.2495116148208258,116.88734155137577,amenity,school
SMA Al Hasan Balikpapan Kota,Sekolah,-1.2698511751822346,116.83113429676189,amenity,school
SMA Kartika V-1 Balikpapan,Sekolah,-1.2743967,116.8240636,amenity,school
SMA Muhammadiyah 2 Balikpapan,Sekolah,-1.1906067,116.8872082,amenity,school
SMA Negeri 1 Balikpapan,Sekolah,-1.2707835902269367,116.83236759078295,amenity,school
SMA Negeri 2 Balikpapan,Sekolah,-1.2326988508067986,116.8432394317396,amenity,school
SMA Negeri 3 Balikpapan,Sekolah,-1.2239641514784652,116.81708153154791,amenity,school
SMA Negeri 4 Balikpapan,Sekolah,-1.2463619159906905,116.90725996347454,amenity,school
SMA Negeri 5 Balikpapan,Sekolah,-1.242182225625975,116.8974855995706,amenity,school
SMA Negeri 6 Balikpapan,Sekolah,-1.2126930448915243,116.8522483717014,amenity,school
SMA Negeri 7 Balikpapan,Sekolah,-1.199372189491317,116.97890210950871,amenity,school
SMA Negeri 8 Balikpapan,Sekolah,-1.2271980797042668,116.8243785534778,amenity,school
SMA Negeri 9 Balikpapan,Sekolah,-1.1459159,116.8767118,amenity,school
SMA PJHI Balikpapan,Sekolah,-1.236593591461549,116.93823388296687,amenity,school
SMA Patra Dharma Balikpapan,Sekolah,-1.2446393203124195,116.83107903040991,amenity,school
SMA Sinar Pancasila Balikpapan Kota,Sekolah,-1.2694576542557712,116.83144494026729,amenity,school
SMK Adzkiya,Sekolah,-1.197103950842715,116.97661038846672,amenity,school
SMK Insan Kamil Balikpapan,Sekolah,-1.1990303747516287,116.88874946914444,amenity,school
SMK Kartika V-1 Balikpapan,Sekolah,-1.2763183401039246,116.82129339477714,amenity,school
SMK Kartika V-I Balikpapan Kota,Sekolah,-1.2742837999999999,116.82442410000002,amenity,school
SMK Kesehatan Airlangga Balikpapan,Sekolah,-1.255264355651477,116.84331269655912,amenity,school
SMK Muhammadiyah 1,Sekolah,-1.2546131,116.8436376,amenity,school
SMK Negeri 1 Balikpapan,Sekolah,-1.2588824719548624,116.91050220096207,amenity,school
SMK Negeri 2 Balikpapan,Sekolah,-1.234533408186006,116.84397158898315,amenity,school
SMK Negeri 3 Balikpapan,Sekolah,-1.2394913125447093,116.88575356885681,amenity,school
SMK Negeri 4 Balikpapan,Sekolah,-1.2392724499999972,116.8845632,amenity,school
SMK Negeri 6 Balikpapan,Sekolah,-1.2034900499999999,116.87808505000001,amenity,school
SMK Pangeran Antasari Balikpapan Tengah,Sekolah,-1.2703871440400933,116.84300318531348,amenity,school
SMK Pertiwi Balikpapan,Sekolah,-1.2709277846247113,116.85693004858491,amenity,school
SMK Setia Budi Balikpapan,Sekolah,-1.2275155000000006,116.84107834999999,amenity,school
SMK TI Airlangga Balikpapan,Sekolah,-1.255586919030559,116.84360132252078,amenity,school
SMK Tri Mitra Balikpapan Kota,Sekolah,-1.2693635004709771,116.83206576207704,amenity,school
SMP,Sekolah,-1.1541789802591242,116.99453973783612,amenity,school
SMP & SMA Nasional KPS Balikpapan,Sekolah,-1.2782942240700255,116.81574064775839,amenity,school
SMP Al Hasan Balikpapan Kota,Sekolah,-1.2700470692581376,116.8313848527525,amenity,school
SMP IT Nurul Fikri,Sekolah,-1.245204,116.89066955000001,amenity,school
SMP Islam Al Ula Balikpapan,Sekolah,-1.2276145343442493,116.81851935130958,amenity,school
SMP Islam Terpadu Assadiyah Manuntung,Sekolah,-1.237268519468002,116.82495313299741,amenity,school
SMP Kartika V-I,Sekolah,-1.2739554849478258,116.82453890193916,amenity,school
SMP Katolik Santo Mikail,Sekolah,-1.276959350000002,116.81975675000001,amenity,school
SMP Muhammadiyah 2 Balikpapan,Sekolah,-1.2708777228506454,116.85741408418095,amenity,school
SMP Muhammadiyah 3 Balikpapan,Sekolah,-1.1900382,116.8875757,amenity,school
SMP Negeri 012 Balikpapan Kota,Sekolah,-1.2717248070703626,116.83158052960935,amenity,school
SMP Negeri 1 Balikpapan,Sekolah,-1.2710273870656768,116.83355433130431,amenity,school
SMP Negeri 10 Balikpapan,Sekolah,-1.2688653000000005,116.88033105,amenity,school
SMP Negeri 13 Balikpapan,Sekolah,-1.1633645,117.002924,amenity,school
SMP Negeri 14,Sekolah,-1.2446837149070076,116.88779101547371,amenity,school
SMP Negeri 15 Balikpapan,Sekolah,-1.1955743695549548,116.88040669478714,amenity,school
SMP Negeri 17 Balikpapan,Sekolah,-1.141327,116.8770837,amenity,school
SMP Negeri 18 Balikpapan,Sekolah,-1.244750486561064,116.90027050819901,amenity,school
SMP Negeri 2 Balikpapan Kota,Sekolah,-1.270532782601465,116.83174827309816,amenity,school
SMP Negeri 20 Balikpapan,Sekolah,-1.108687149999998,116.87524210000002,amenity,school
SMP Negeri 22 Balikpapan Tengah,Sekolah,-1.2450181585144648,116.8498388894032,amenity,school
SMP Negeri 3 Balikpapan,Sekolah,-1.234589699999999,116.84088265000001,amenity,school
SMP Negeri 4 Balikpapan,Sekolah,-1.2275754500000002,116.81757610000001,amenity,school
SMP Negeri 5 Balikpapan,Sekolah,-1.2597828523752792,116.90986334061307,amenity,school
SMP Negeri 7 Balikpapan,Sekolah,-1.2634998,116.8566933,amenity,school
SMP Negeri 8 Balikpapan,Sekolah,-1.2239365164384584,116.96117598346908,amenity,school
SMP Negeri 9 Balikpapan,Sekolah,-1.2312127279651661,116.82711446593039,amenity,school
SMP PGRI 1 Balikpapan,Sekolah,-1.226430544783343,116.81979446582447,amenity,school
SMP PGRI 4 Balikpapan,Sekolah,-1.2354852,116.84240414999998,amenity,school
SMP PGRI 7 Balikpapan,Sekolah,-1.2261892875810254,116.81639385448537,amenity,school
SMP PJHI Balikpapan,Sekolah,-1.2367960602011103,116.93836860437341,amenity,school
SMP Patra Dharma 1 Balikpapan,Sekolah,-1.2338843763712077,116.83432801495326,amenity,school
SMP Patra Dharma 2,Sekolah,-1.2780603694317096,116.81645401804921,amenity,school
SMP Sinar Pancasila Balikpapan Kota,Sekolah,-1.2697270251817223,116.8317650556944,amenity,school
SMP Wiyata Mandala,Sekolah,-1.2604279000000003,116.90994595,amenity,school
SMP YPI Balikpapan Kota,Sekolah,-1.2692303402636227,116.83187178508891,amenity,school
SMP-SMK Panca Dharma Balikpapan,Sekolah,-1.2780640842768922,116.82746811476352,amenity,school
SMPIT Mutiara Rahmah,Sekolah,-1.2540462000000003,116.85742265,amenity,school
SMPN 11 Balikpapan,Sekolah,-1.2015394851848482,116.86466157052222,amenity,school
SMPN 6 Balikpapan,Sekolah,-1.2384646,116.84739285,amenity,school
STIEPAN Balikpapan,Sekolah,-1.2520310334767024,116.8540154288101,amenity,school
Sekolah Alam Balikpapan,Sekolah,-1.2304443,116.8873684,amenity,school
Sekolah Dasar Negeri 020,Sekolah,-1.2182505,116.8398644,amenity,school
Sekolah Dasar Tunas Budi Luhur,Sekolah,-1.27415995,116.84024345,amenity,school
Sekolah Islam Terpadu Hidayatullah,Sekolah,-1.252599250000001,116.83315465000001,amenity,school
Sekolah Kristen Harapan Bangsa,Sekolah,-1.2307207942560512,116.86150582819519,amenity,school
Sekolah Nasional Bina Bersama,Sekolah,-1.2465763520577786,116.86046492397075,amenity,school
Sekolah Nusantara Balikpapan,Sekolah,-1.2327832774311167,116.84238200213261,amenity,school
TK - SD - SMP Kristen IPEKA Balikpapan,Sekolah,-1.2443340453157279,116.86459553283788,amenity,school
TK Al Ihsan,Sekolah,-1.2708262636825194,116.83751125437544,amenity,school
TK Al Kahfi,Sekolah,-1.2230170946395804,116.83458265796911,amenity,school
TK Anggrek Permai,Sekolah,-1.2701007610768436,116.84782913193858,amenity,school
TK Babus Salam Balikpapan,Sekolah,-1.2259665829835409,116.81991917027632,amenity,school
TK Hang Tuah,Sekolah,-1.2673089331185659,116.83624615369934,amenity,school
TK Haya Alas Sholah,Sekolah,-1.2265477999999999,116.82471814999998,amenity,school
TK Kartika V-5 Kodim 0905 balikpapan,Sekolah,-1.2638854068572642,116.85927593760273,amenity,school
TK Kenanga,Sekolah,-1.2259939959130643,116.81182056821069,amenity,school
TK Kristen GPIB,Sekolah,-1.2457035521206943,116.82859354723341,amenity,school
TK Madinatul Iman,Sekolah,-1.2424760067979934,116.85278913922818,amenity,school
TK Manuntung,Sekolah,-1.2403322795824847,116.82693990415648,amenity,school
TK Nur Solikhin,Sekolah,-1.228231472340643,116.83025474084181,amenity,school
TK Nurul Fajar,Sekolah,-1.2721609766407054,116.82163749238258,amenity,school
TK Nurul Ihsan,Sekolah,-1.2685914975650716,116.83703916994122,amenity,school
TK Sari Asih,Sekolah,-1.2241828656519902,116.81323870676451,amenity,school
TK Trisula 1 Perwari,Sekolah,-1.275630663905381,116.82920922107888,amenity,school
TK Trisula 2 Perwari,Sekolah,-1.247506556112102,116.84530843018868,amenity,school
TK Tunas Karya 1,Sekolah,-1.247251301079321,116.83469123269626,amenity,school
Balai Pertemuan Margomulyo,Stadion,-1.2291605,116.8270752,leisure,stadium
Balikpapan Squash Stadium,Stadion,-1.2445026221469393,116.89062212085321,leisure,stadium
Stadion Batakan,Stadion,-1.2331413931125028,116.94331121940293,leisure,stadium
Stadion Sudirman,Stadion,-1.276040233207142,116.82542265979953,leisure,stadium
Alfamidi Ahmad Yani,Supermarket,-1.2575071,116.8394687,shop,supermarket
Alfamidi Ahmad Yani 2,Supermarket,-1.269669521277751,116.83791541578579,shop,supermarket
Alfamidi Letjen Suprapto,Supermarket,-1.2277451849397876,116.81224517129732,shop,supermarket
Alfamidi MT Haryono 2,Supermarket,-1.2515600515763432,116.87000383350986,shop,supermarket
Alfamidi Mt Haryono,Supermarket,-1.2633335,116.8599158,shop,supermarket
Alfamidi Soekarno Hatta 3,Supermarket,-1.2129494,116.8584011,shop,supermarket
"Alfamidi Soekarno Hatta KM.6,5",Supermarket,-1.2080806559515815,116.86950170139046,shop,supermarket
Alfamidi Sumber Rejo,Supermarket,-1.244355281897149,116.8538078351369,shop,supermarket
Alfamidi Syarifuddin Yoes,Supermarket,-1.2575454148332696,116.90364051975509,shop,supermarket
Bengkel Megah Jaya,Supermarket,-1.2630048196025438,116.8424045055952,shop,supermarket
Empat Swalayan,Supermarket,-1.2418921,116.8961156,shop,supermarket
Fresh Orange,Supermarket,-1.26622365,116.85800454999999,shop,supermarket
Gajah Mada,Supermarket,-1.2620051913576922,116.84277846957819,shop,supermarket
Griya,Supermarket,-1.2710906828472857,116.8390376398036,shop,supermarket
Hypermart - Pentas City Balikpapan,Supermarket,-1.2744715,116.8564491,shop,supermarket
IZXTREEM-TECH,Supermarket,-1.2332159,116.8430777,shop,supermarket
Maxi MT Haryono,Supermarket,-1.2607074499999993,116.86333169999999,shop,supermarket
Maxi Swalayan,Supermarket,-1.2397441548970247,116.84611866789741,shop,supermarket
Maxi Swalayan Gunung Malang,Supermarket,-1.2714943500000002,116.84536235000002,shop,supermarket
Maxi Swalayan Gunung Pasir,Supermarket,-1.2726608063717177,116.83065691243665,shop,supermarket
Maxi Swalayan Manggar,Supermarket,-1.2236986451253942,116.96387816514098,shop,supermarket
Maxi Swalayan Sepinggan,Supermarket,-1.2587122000000002,116.91428980000002,shop,supermarket
Raja Parfum,Supermarket,-1.2695349340967084,116.837858725801,shop,supermarket
Toko Adit,Supermarket,-1.2121925499999968,116.8610777,shop,supermarket
Toko Mekar Sari,Supermarket,-1.216437247527927,116.8596808286637,shop,supermarket
Toko Murah,Supermarket,-1.271264754446012,116.85544236644347,shop,supermarket
Toko Noesari Jaya,Supermarket,-1.2396613,116.8361182,shop,supermarket
Toko Rica,Supermarket,-1.2146264566390044,116.85641313112946,shop,supermarket
Vita,Supermarket,-1.2427072,116.8981283,shop,supermarket
Yova Mart Sumber Rejo,Supermarket,-1.24819,116.8471464,shop,supermarket
Yova Supermart,Supermarket,-1.2642378499999993,116.84618575,shop,supermarket
Bawaslu Kota Balikpapan,Taman,-1.2595672,116.8667892,leisure,park
Dino Park,Taman,-1.241467188923843,116.86671071037463,leisure,park
Lapangan Merdeka I,Taman,-1.279352416441086,116.8160187720391,leisure,park
Lapangan Merdeka II,Taman,-1.2796095461079076,116.81460865315563,leisure,park
Lapangan Merdeka III,Taman,-1.279926255170746,116.81306153866332,leisure,park
Lingkungan Monumen Perjuangan Rakyat Balikpapan,Taman,-1.2791776150454548,116.82221718145175,leisure,park
Taman,Taman,-1.224338,116.8149037,leisure,park
Taman Adipura,Taman,-1.25367196723942,116.83849530180599,leisure,park
Taman Beruang Madu,Taman,-1.26918517578868,116.85656203840509,leisure,park
Taman CC 4,Taman,-1.2231757415361733,116.89786429317041,leisure,park
Taman Lalu Lintas,Taman,-1.2532663000000002,116.90482139999999,leisure,park
Taman Melawai 2,Taman,-1.244071308760785,116.89830505096306,leisure,park
Taman Tiga Generasi,Taman,-1.242431360647304,116.89625623542473,leisure,park
bolton,Taman,-1.2334309671294124,116.93809485382445,leisure,park
Ar Rahim,Tempat Ibadah,-1.2270542957819472,116.89972891686378,amenity,place_of_worship
As Salaam,Tempat Ibadah,-1.2341229430511587,116.86549607589674,amenity,place_of_worship
Baitul Mubarok,Tempat Ibadah,-1.2551672,116.82689930000001,amenity,place_of_worship
GKTDI Balikpapan,Tempat Ibadah,-1.2470710999999994,116.84662200000001,amenity,place_of_worship
GKY Balikpapan,Tempat Ibadah,-1.2631438787143376,116.84620745138642,amenity,place_of_worship
GMAHK Gunung Pasir,Tempat Ibadah,-1.2681325,116.8362124,amenity,place_of_worship
GPIB Immanuel,Tempat Ibadah,-1.2730712280305356,116.83722790616865,amenity,place_of_worship
GPIB Maranatha,Tempat Ibadah,-1.244844399113641,116.82859270812729,amenity,place_of_worship
GPMII Balikpapan,Tempat Ibadah,-1.23968935,116.82364245000001,amenity,place_of_worship
GPSDI Bukit Hermon Balikpapan,Tempat Ibadah,-1.2660734217254872,116.84174015127948,amenity,place_of_worship
GSJA Batu Ampar Balikpapan,Tempat Ibadah,-1.2142589,116.846502,amenity,place_of_worship
GSJA Gunung Sari,Tempat Ibadah,-1.268641399999998,116.8400558,amenity,place_of_worship
Gereja Bethel Indonesia,Tempat Ibadah,-1.24382965,116.86419075,amenity,place_of_worship
Gereja Bethel Injil Sepenuh,Tempat Ibadah,-1.2631993389442082,116.84155897556874,amenity,place_of_worship
Gereja Bethel Injil Sepenuh Sangkakala,Tempat Ibadah,-1.26322915,116.84101580000002,amenity,place_of_worship
Gereja Bethel Tabernahel,Tempat Ibadah,-1.258119218813253,116.83724895429862,amenity,place_of_worship
Gereja GKP Bukit Karmel,Tempat Ibadah,-1.2744081922576238,116.83963113434756,amenity,place_of_worship
Gereja GKPS Balikpapan,Tempat Ibadah,-1.2600457000000003,116.83241569999998,amenity,place_of_worship
Gereja GPIB Bukit Benuas,Tempat Ibadah,-1.2270970720939778,116.87996119867731,amenity,place_of_worship
Gereja GPIB Bukit Sion Balikpapan,Tempat Ibadah,-1.2654738435828383,116.8427700416758,amenity,place_of_worship
Gereja GPIB PNIEL Balikpapan,Tempat Ibadah,-1.276409928651128,116.81082753468372,amenity,place_of_worship
Gereja HKBP Epiphanias,Tempat Ibadah,-1.2077407983163257,116.85114957160971,amenity,place_of_worship
Gereja Hurian Batak Protestan Balikpapan,Tempat Ibadah,-1.270646921953502,116.84402822030539,amenity,place_of_worship
Gereja Katolik Kristus Bangkit,Tempat Ibadah,-1.1505257,116.8775569,amenity,place_of_worship
Gereja Katolik Santa Theresia,Tempat Ibadah,-1.2751622604480166,116.81956641135733,amenity,place_of_worship
Gereja Kebangunan Kalam Allah Indonesia,Tempat Ibadah,-1.2650823204660402,116.84662340034204,amenity,place_of_worship
Gereja Kemah Injil Indonesia Jemaat Agape Sepinggan Balikpapan,Tempat Ibadah,-1.250036170867765,116.90432499669865,amenity,place_of_worship
Gereja Kibaid Jemaat Balikpapan,Tempat Ibadah,-1.2618851375962699,116.83417092800846,amenity,place_of_worship
Gereja Mawar Sharon Balikpapan,Tempat Ibadah,-1.2647475733872777,116.84238511144603,amenity,place_of_worship
Gereja Pantekosta Bukit Zaitun,Tempat Ibadah,-1.2743232384141527,116.8369316509959,amenity,place_of_worship
Gereja Protestan Immanuel Balikpapan,Tempat Ibadah,-1.2730343415774763,116.83659176952091,amenity,place_of_worship
Gereja St Petrus dan Paulus,Tempat Ibadah,-1.2386021465903303,116.8302873746124,amenity,place_of_worship
Gereja Toraja Jemaat Eben Haezer,Tempat Ibadah,-1.2359608660006067,116.82989992383918,amenity,place_of_worship
Gereja Toraja Jemaat Hebron Balikpapan,Tempat Ibadah,-1.259595445375223,116.8490503696886,amenity,place_of_worship
Gereja Toraja Jemaat Lahai Roy,Tempat Ibadah,-1.269994348076446,116.87762486886186,amenity,place_of_worship
Kantor Gereja Toraja BPK Kaltim,Tempat Ibadah,-1.2150880690798487,116.84679249511227,amenity,place_of_worship
Kapel Regina Pacis,Tempat Ibadah,-1.2443787141697993,116.84968807617771,amenity,place_of_worship
Klenteng Guang De Miao / Ta Pek Kong,Tempat Ibadah,-1.2751053730783286,116.83980154286552,amenity,place_of_worship
Langgar Al Fajar,Tempat Ibadah,-1.235196,116.8529949,amenity,place_of_worship
Langgar Al Kautsar,Tempat Ibadah,-1.2681625634442306,116.84092892034994,amenity,place_of_worship
Langgar Al-Qolam,Tempat Ibadah,-1.2083603,116.8707641,amenity,place_of_worship
Langgar Ar-Ramadhan,Tempat Ibadah,-1.2458756139918234,116.838866780956,amenity,place_of_worship
Langgar As Sadiqin,Tempat Ibadah,-1.2325976,116.821689,amenity,place_of_worship
Masjid,Tempat Ibadah,-1.1530473726046655,117.00736405605677,amenity,place_of_worship
Masjid Addiniyyah,Tempat Ibadah,-1.2144461,116.8415549,amenity,place_of_worship
Masjid Ahlussunnah Waljamaah,Tempat Ibadah,-1.2345911295123897,116.8354182091407,amenity,place_of_worship
Masjid Al Awwabin Mekar Sari,Tempat Ibadah,-1.2412562006667183,116.82652999474064,amenity,place_of_worship
Masjid Al Fatihah,Tempat Ibadah,-1.2697588345681337,116.84221347854445,amenity,place_of_worship
Masjid Al Furqan,Tempat Ibadah,-1.2211442063439533,116.81196189714149,amenity,place_of_worship
Masjid Al Hidayah,Tempat Ibadah,-1.2235517,116.81445805,amenity,place_of_worship
Masjid Al Hikmah,Tempat Ibadah,-1.235375067745071,116.8322423356863,amenity,place_of_worship
Masjid Al Huda,Tempat Ibadah,-1.2527000767557679,116.83901800449823,amenity,place_of_worship
Masjid Al Ihsan,Tempat Ibadah,-1.2710272486583474,116.83765079995115,amenity,place_of_worship
Masjid Al Ikhwan,Tempat Ibadah,-1.274931,116.8109533,amenity,place_of_worship
Masjid Al Ikhwan Balikpapan Baru SDIT Balikpapan Islamic School,Tempat Ibadah,-1.2449267578731116,116.86774522259617,amenity,place_of_worship
Masjid Al Kahfi,Tempat Ibadah,-1.222764366670108,116.83464842203564,amenity,place_of_worship
Masjid Al Ma'mur,Tempat Ibadah,-1.2593587530320276,116.86135466830417,amenity,place_of_worship
Masjid Al Mabrur LDII,Tempat Ibadah,-1.2195658999999999,116.84522759999999,amenity,place_of_worship
Masjid Al Mahmud,Tempat Ibadah,-1.2505606622749779,116.83361162187407,amenity,place_of_worship
Masjid Al Muhajirin,Tempat Ibadah,-1.2405459128342982,116.82414848142493,amenity,place_of_worship
Masjid Al Muharram,Tempat Ibadah,-1.2484848000000004,116.84048905,amenity,place_of_worship
Masjid Al Muhazirin,Tempat Ibadah,-1.2559281500000001,116.83561805000001,amenity,place_of_worship
Masjid Al Muhni,Tempat Ibadah,-1.2675299785846523,116.8382309097694,amenity,place_of_worship
Masjid Al Muna,Tempat Ibadah,-1.2766924296084785,116.80893810909619,amenity,place_of_worship
Masjid Al Muqorrobin,Tempat Ibadah,-1.2443530386923027,116.83639158119166,amenity,place_of_worship
Masjid Al Muwafaqoh,Tempat Ibadah,-1.2585104420587072,116.83335232426084,amenity,place_of_worship
Masjid Al Yadul Ulya,Tempat Ibadah,-1.2377167,116.89411665,amenity,place_of_worship
Masjid Al-Amir,Tempat Ibadah,-1.2463608500000003,116.8556029,amenity,place_of_worship
Masjid Al-Anshar,Tempat Ibadah,-1.24946285,116.84847614999998,amenity,place_of_worship
Masjid Al-Aqsa,Tempat Ibadah,-1.2656247500000002,116.88634139999999,amenity,place_of_worship
Masjid Al-Hijrah Perum Sosial,Tempat Ibadah,-1.227225,116.8608438,amenity,place_of_worship
Masjid Al-Huda,Tempat Ibadah,-1.2322623,116.9454745,amenity,place_of_worship
Masjid Al-Ikhlash,Tempat Ibadah,-1.2054172,116.8763979,amenity,place_of_worship
Masjid Al-Majid,Tempat Ibadah,-1.2160353752623305,116.8445392863533,amenity,place_of_worship
Masjid Al-Mubarak,Tempat Ibadah,-1.2213702812166605,116.84714765716271,amenity,place_of_worship
Masjid Al-Mujtahidin,Tempat Ibadah,-1.252272748985966,116.90528422869092,amenity,place_of_worship
Masjid Al-Munawwar,Tempat Ibadah,-1.2424264581017013,116.8347315201686,amenity,place_of_worship
Masjid Al-Muroqobah,Tempat Ibadah,-1.2395918499999987,116.83973325,amenity,place_of_worship
Masjid Alkautsar,Tempat Ibadah,-1.2480862786901634,116.85566575625614,amenity,place_of_worship
Masjid An Nur Balikpapan,Tempat Ibadah,-1.2562034969324716,116.83785473099717,amenity,place_of_worship
Masjid An-Nasa'iy Somber,Tempat Ibadah,-1.21474005,116.8383771,amenity,place_of_worship
Masjid Ar Rahmah,Tempat Ibadah,-1.2508401891857879,116.84034292407506,amenity,place_of_worship
Masjid Ar-Rahman,Tempat Ibadah,-1.2665607050319825,116.85173306926866,amenity,place_of_worship
Masjid Ar-Raudhah,Tempat Ibadah,-1.272362,116.8611544,amenity,place_of_worship
Masjid As Salam,Tempat Ibadah,-1.2764863999999994,116.86280625,amenity,place_of_worship
Masjid As-Salam,Tempat Ibadah,-1.204564705659578,116.86830803486455,amenity,place_of_worship
Masjid Assalam Bandara Sepinggan,Tempat Ibadah,-1.2616309999999997,116.8964987,amenity,place_of_worship
Masjid Assayyid Dahlan Grand Pelangi,Tempat Ibadah,-1.2360766972359092,116.8915446821172,amenity,place_of_worship
Masjid Asy-Syifa,Tempat Ibadah,-1.2196820499999999,116.82691415000001,amenity,place_of_worship
Masjid At Taqwa,Tempat Ibadah,-1.2768374351594487,116.82924470001903,amenity,place_of_worship
Masjid At Taubah,Tempat Ibadah,-1.2638277500000006,116.84724339999998,amenity,place_of_worship
Masjid At Taufiq,Tempat Ibadah,-1.2225348,116.8171795,amenity,place_of_worship
Masjid Ath-Thoyyibah,Tempat Ibadah,-1.2115486822402668,116.83764795370999,amenity,place_of_worship
Masjid Babul Hidayah,Tempat Ibadah,-1.2368410999999997,116.83818620000001,amenity,place_of_worship
Masjid Babul Jihad,Tempat Ibadah,-1.23052485,116.84739789999999,amenity,place_of_worship
Masjid Baburrahman Balikpapan Tengah,Tempat Ibadah,-1.2604299417605946,116.83839940726641,amenity,place_of_worship
Masjid Babus Salam,Tempat Ibadah,-1.2261691,116.81991944999999,amenity,place_of_worship
Masjid Babussalam Baru Ilir,Tempat Ibadah,-1.23959515,116.82908139999998,amenity,place_of_worship
Masjid Baitul Ghufron,Tempat Ibadah,-1.2737686263140453,116.82607970061146,amenity,place_of_worship
Masjid Baitul Ilmi,Tempat Ibadah,-1.249022700000001,116.88847675000002,amenity,place_of_worship
Masjid Baitul Makmur,Tempat Ibadah,-1.2358394999999978,116.87061795000002,amenity,place_of_worship
Masjid Baiturrahman Besakih,Tempat Ibadah,-1.223631756883608,116.89488333266347,amenity,place_of_worship
Masjid Baitus Sholihin,Tempat Ibadah,-1.2016673438355938,116.87067628008286,amenity,place_of_worship
Masjid Da'watul Huda,Tempat Ibadah,-1.2610860413211453,116.8461614743352,amenity,place_of_worship
Masjid Da'watul-Islam,Tempat Ibadah,-1.1821316,116.883778,amenity,place_of_worship
Masjid Darul Muhajirin,Tempat Ibadah,-1.2320746555924338,116.83658811977554,amenity,place_of_worship
Masjid Darul Ulum,Tempat Ibadah,-1.2257525,116.8149334,amenity,place_of_worship
Masjid Darussalam,Tempat Ibadah,-1.2285390034502688,116.82667632954994,amenity,place_of_worship
Masjid Haya Alas Sholah,Tempat Ibadah,-1.2265591,116.8248389,amenity,place_of_worship
Masjid Hayya Alal Falah,Tempat Ibadah,-1.2290797564796847,116.81826037193802,amenity,place_of_worship
Masjid Hidayatullah,Tempat Ibadah,-1.2529476237395132,116.83304366137045,amenity,place_of_worship
Masjid Ibrahim Jalan Dua,Tempat Ibadah,-1.2359855238044335,116.84362068847905,amenity,place_of_worship
Masjid Imanul Wafa,Tempat Ibadah,-1.2412705730323932,116.89381334176001,amenity,place_of_worship
Masjid Istiqlal,Tempat Ibadah,-1.2448179424430306,116.82984243051281,amenity,place_of_worship
Masjid Istiqomah,Tempat Ibadah,-1.2786213224368157,116.81443509558665,amenity,place_of_worship
Masjid Jabal Nur,Tempat Ibadah,-1.1941235663603802,116.8829332676724,amenity,place_of_worship
Masjid Jabal Rahmah,Tempat Ibadah,-1.2269817,116.8291015,amenity,place_of_worship
Masjid Jam'iyyatul Mustaqim,Tempat Ibadah,-1.2427395499999998,116.84670525,amenity,place_of_worship
Masjid Jami Al Azhar,Tempat Ibadah,-1.2196562,116.8411781,amenity,place_of_worship
Masjid Jami Al Ula,Tempat Ibadah,-1.230288715366036,116.8128433230028,amenity,place_of_worship
Masjid Jami Al Wustho,Tempat Ibadah,-1.2461864928849584,116.83419845886344,amenity,place_of_worship
Masjid Jami Al-Aman,Tempat Ibadah,-1.2629211170779944,116.85933174655555,amenity,place_of_worship
Masjid Jami As Siddiq,Tempat Ibadah,-1.2335435,116.8225775,amenity,place_of_worship
Masjid Jami Asuu 'Adaa,Tempat Ibadah,-1.2752230000000002,116.84229815,amenity,place_of_worship
Masjid Jami Ummi Maryam Madinatul Ilmi,Tempat Ibadah,-1.224857,116.8126901,amenity,place_of_worship
Masjid Jamiatul Roghibin,Tempat Ibadah,-1.245952799999999,116.84134810000002,amenity,place_of_worship
Masjid Khairul Jihad,Tempat Ibadah,-1.238741881144215,116.8991237045406,amenity,place_of_worship
Masjid Luqmanul Hakim,Tempat Ibadah,-1.1960960499999997,116.84920445000002,amenity,place_of_worship
Masjid Madinatul Iman,Tempat Ibadah,-1.2302395364866703,116.8763421834904,amenity,place_of_worship
Masjid Manuntung,Tempat Ibadah,-1.2372917,116.8253188,amenity,place_of_worship
Masjid Miftaahul Khoyr,Tempat Ibadah,-1.2752677,116.8116964,amenity,place_of_worship
Masjid Multazam,Tempat Ibadah,-1.2236460542112861,116.86338306980781,amenity,place_of_worship
Masjid Mutmainnah Kintamani,Tempat Ibadah,-1.2284661222786926,116.89323523050996,amenity,place_of_worship
Masjid Namirah,Tempat Ibadah,-1.2467345143665383,116.85947429679457,amenity,place_of_worship
Masjid Nidaul Khair,Tempat Ibadah,-1.2391575014492122,116.836520667865,amenity,place_of_worship
Masjid Nur Hidayah Balikpapan,Tempat Ibadah,-1.236165399799123,116.82640311668064,amenity,place_of_worship
Masjid Nur Salikhin,Tempat Ibadah,-1.228136379218311,116.83042105829979,amenity,place_of_worship
Masjid Nurul A'la,Tempat Ibadah,-1.1378349,116.8800971,amenity,place_of_worship
Masjid Nurul Amin,Tempat Ibadah,-1.2630687746570368,116.83734234488773,amenity,place_of_worship
Masjid Nurul Haq,Tempat Ibadah,-1.2723323777269655,116.8243777105403,amenity,place_of_worship
Masjid Nurul Hidayah Sepinggan,Tempat Ibadah,-1.2617828999999985,116.88988084999998,amenity,place_of_worship
Masjid Nurul Hijrah,Tempat Ibadah,-1.1994768959158486,116.8635946726332,amenity,place_of_worship
Masjid Nurul Huda,Tempat Ibadah,-1.2461766500000016,116.84319905,amenity,place_of_worship
Masjid Nurul Ibadah,Tempat Ibadah,-1.2703239,116.8282151,amenity,place_of_worship
Masjid Nurul Ihsan,Tempat Ibadah,-1.2686636699375256,116.83704788556317,amenity,place_of_worship
Masjid Nurul Iman,Tempat Ibadah,-1.2337416,116.8233967,amenity,place_of_worship
Masjid Nurul Islam,Tempat Ibadah,-1.2702637705332436,116.83089380612208,amenity,place_of_worship
Masjid Nurul Jihad,Tempat Ibadah,-1.2373502568607915,116.83834677421743,amenity,place_of_worship
Masjid Nurul Khoir,Tempat Ibadah,-1.2658804049648043,116.82427532383859,amenity,place_of_worship
Masjid Nurul Masful,Tempat Ibadah,-1.1036013,116.8863361,amenity,place_of_worship
Masjid Nurul Mustaqiem,Tempat Ibadah,-1.2399630148641718,116.83661692077773,amenity,place_of_worship
Masjid POLDA,Tempat Ibadah,-1.2297240691811844,116.88523512212923,amenity,place_of_worship
Masjid Raudatul Muta'alimin,Tempat Ibadah,-1.2647706651719677,116.84374727622341,amenity,place_of_worship
Masjid Raudhatul Ibadah,Tempat Ibadah,-1.2448263530081378,116.88652855099392,amenity,place_of_worship
Masjid Raya Arrahim,Tempat Ibadah,-1.22701935,116.89964414999999,amenity,place_of_worship
Masjid Sepinggan Pratama,Tempat Ibadah,-1.2250639653243007,116.88255547123522,amenity,place_of_worship
Masjid Shahibussalam,Tempat Ibadah,-1.249068799999999,116.8710106,amenity,place_of_worship
Masjid Sucofindo,Tempat Ibadah,-1.2570488,116.8399585,amenity,place_of_worship
Masjid Sudirman Kodam Mulawarman,Tempat Ibadah,-1.2765430226246937,116.8229051403047,amenity,place_of_worship
Masjid Syamsul Falah,Tempat Ibadah,-1.232665,116.8140332,amenity,place_of_worship
Masjid Wahdattuttulab,Tempat Ibadah,-1.2454842545147409,116.83850015941039,amenity,place_of_worship
Masjid as Seddieq,Tempat Ibadah,-1.2553031078918961,116.8410035207107,amenity,place_of_worship
Mesjid,Tempat Ibadah,-1.2161821119051228,116.85985530179022,amenity,place_of_worship
Mesjid Al-Hijroh,Tempat Ibadah,-1.2442817799709844,116.85070720599441,amenity,place_of_worship
Mushalla At Taubah,Tempat Ibadah,-1.2166227,116.8378054,amenity,place_of_worship
Mushalla Makmun Ilahi Klandasan Ulu,Tempat Ibadah,-1.274460910297776,116.83254552629383,amenity,place_of_worship
Mushola,Tempat Ibadah,-1.274063,116.8220908,amenity,place_of_worship
Mushola 'Ainul Falah,Tempat Ibadah,-1.2562533172370332,116.91051574593529,amenity,place_of_worship
Mushola Al Muttaqin,Tempat Ibadah,-1.2733466,116.80986810000002,amenity,place_of_worship
Mushola Al-Hidayah,Tempat Ibadah,-1.2632483590224102,116.83269342668183,amenity,place_of_worship
Mushola Ash Sholihin,Tempat Ibadah,-1.274718081303547,116.82892310731843,amenity,place_of_worship
Mushola Assalam,Tempat Ibadah,-1.2325713025524896,116.82485671251301,amenity,place_of_worship
Mushola Firdaus,Tempat Ibadah,-1.2306311941557657,116.83251992738109,amenity,place_of_worship
Mushola Jabal Nur,Tempat Ibadah,-1.262854451988753,116.84059597674579,amenity,place_of_worship
Mushola Nurul Fajar,Tempat Ibadah,-1.2721978651634822,116.82179577079232,amenity,place_of_worship
Musholla,Tempat Ibadah,-1.15092275,117.00005465000001,amenity,place_of_worship
Musholla Al Hidayah,Tempat Ibadah,-1.2455095499999997,116.8756446,amenity,place_of_worship
Musholla Al Ikhlas,Tempat Ibadah,-1.2390213976489388,116.89346632395132,amenity,place_of_worship
Musholla Al Mujahidin,Tempat Ibadah,-1.2756458774188917,116.82657296395061,amenity,place_of_worship
Musholla Al-Miftah,Tempat Ibadah,-1.2211545751779875,116.8567566174044,amenity,place_of_worship
Musholla Ar Raudah,Tempat Ibadah,-1.2407847909546252,116.84670288095879,amenity,place_of_worship
Musholla Baitul Ilmi,Tempat Ibadah,-1.270698064141242,116.83217456264543,amenity,place_of_worship
Musholla Darul Istiqomah Sumber Rejo,Tempat Ibadah,-1.2465440499999996,116.85137905,amenity,place_of_worship
Musholla Darussalam Klandasan Ilir,Tempat Ibadah,-1.2741531568293627,116.84110249381246,amenity,place_of_worship
Musholla Fatur Rahman,Tempat Ibadah,-1.2349704744885,116.84138483983611,amenity,place_of_worship
Musholla Madinatul Iman,Tempat Ibadah,-1.19974955,116.85288425,amenity,place_of_worship
Musholla Nurul Ilmi,Tempat Ibadah,-1.26761115,116.8234688,amenity,place_of_worship
Nurul A'la,Tempat Ibadah,-1.23313048463729,116.83050951929049,amenity,place_of_worship
Nurul Iman,Tempat Ibadah,-1.1905694000000002,116.8843101,amenity,place_of_worship
SPN Turangga Balikpapan,Tempat Ibadah,-1.27529395,116.86014449999998,amenity,place_of_worship
Sopo Nommensen Gereja HKBP Gunung Malang,Tempat Ibadah,-1.2704837999999998,116.84420310000002,amenity,place_of_worship
Surau Alkah,Tempat Ibadah,-1.2118845,116.8503553,amenity,place_of_worship
Vihara Dhamma Balikpapan,Tempat Ibadah,-1.2626719499999974,116.84332979999999,amenity,place_of_worship
klenteng eka dharma bakti,Tempat Ibadah,-1.2711184046692408,116.8492217348023,amenity,place_of_worship
Balikpapan Super Block,Toko Serba Ada,-1.2728868,116.8594596,shop,department_store
Matahari Dept Store Balikpapan Baru,Toko Serba Ada,-1.2436496,116.8612039,shop,department_store
Akademi Bahasa Asing Balikpapan,Universitas,-1.2359531383623252,116.84545640837581,amenity,university
Gedung Direktorat,Universitas,-1.202131,116.8847751,amenity,university
Gedung Elektro,Universitas,-1.2019423699112952,116.88682967044248,amenity,university
Gedung Kuliah Terpadu,Universitas,-1.2017113803648314,116.88714104779159,amenity,university
Gedung TRKJJ,Universitas,-1.2024854,116.8870791,amenity,university
Gedung Workshop Sipil,Universitas,-1.2029457,116.886599,amenity,university
STMIK Borneo International Balikpapan,Universitas,-1.2202843347495351,116.84464853828327,amenity,university
Stt-Migas Balikpapan,Universitas,-1.1940919376646955,116.8930493474475,amenity,university
TMAB,Universitas,-1.2015175080298979,116.8873939856084,amenity,university
Universitas Balikpapan,Universitas,-1.2653768972405754,116.86678277307985,amenity,university
Universitas Tri Dharma,Universitas,-1.2189072,116.8439828,amenity,university
